ISO-10303-21;
HEADER;
FILE_DESCRIPTION(('','ExchangeRequirement[Architecture, Structural, BuildingService]'),'2;1');
FILE_NAME('export.ifc','2026-06-02T18:12:31',('User '),('Organization'),'ODA SDAI 26.12','Bentley iModel IFC Export',' ');
FILE_SCHEMA(('IFC4X3_ADD2'));
ENDSEC;
DATA;
#1=IFCORGANIZATION($,'Organization',$,$,$);
#2=IFCPERSON($,$,'User',$,$,$,$,$);
#3=IFCPERSONANDORGANIZATION(#2,#1,$);
#4=IFCORGANIZATION($,'Bentley Systems',$,$,$);
#5=IFCAPPLICATION(#4,'1.0.0.249','Bentley iModel IFC Export','iModel2IFC');
#6=IFCOWNERHISTORY(#3,#5,$,.NOCHANGE.,$,#3,#5,1780416751);
#7=IFCCARTESIANPOINT((0.,0.,0.));
#8=IFCPROJECT('21Fv9XC$rBpgVWJ8tCshrD',#6,'MyProject','Set common project information, site address, building name, etc',$,$,$,(#12,#14),#18);
#9=IFCDIRECTION((0.,0.,1.));
#10=IFCDIRECTION((1.,0.,0.));
#11=IFCAXIS2PLACEMENT3D(#7,#9,#10);
#12=IFCGEOMETRICREPRESENTATIONCONTEXT($,'Model',3,1.E-07,#11,#13);
#13=IFCDIRECTION((0.,1.));
#14=IFCGEOMETRICREPRESENTATIONCONTEXT($,'Annotation',3,1.E-07,#11,$);
#15=IFCSITE('2OyL9xPKrD3O19CCtXTj5v',#6,'Site',$,$,#29,$,$,.ELEMENT.,(32,7,25,921925),(-19,-55,-14,-91839),0.,$,$);
#16=IFCRELAGGREGATES('0uFG3HLBb18xHnYTjDqVhs',#6,$,$,#8,(#15));
#17=IFCSIUNIT(*,.LENGTHUNIT.,$,.METRE.);
#18=IFCUNITASSIGNMENT((#17,#19,#20,#24));
#19=IFCSIUNIT(*,.AREAUNIT.,$,.SQUARE_METRE.);
#20=IFCSIUNIT(*,.VOLUMEUNIT.,$,.CUBIC_METRE.);
#21=IFCSIUNIT(*,.PLANEANGLEUNIT.,$,.RADIAN.);
#22=IFCDIMENSIONALEXPONENTS(0,0,0,0,0,0,0);
#23=IFCMEASUREWITHUNIT(IFCRATIOMEASURE(0.0174533),#21);
#24=IFCCONVERSIONBASEDUNIT(#22,.PLANEANGLEUNIT.,'degree',#23);
#25=IFCPROJECTEDCRS('EPSG:2056','CH1903+ / LV95','CH1903Plus_1','CH1903Plus_1','SWISS',$,#17);
#26=IFCMAPCONVERSION(#12,#25,0.,0.,0.,1.,0.,1.);
#27=IFCCARTESIANPOINT((0.,-2.28456714755,2.894));
#28=IFCAXIS2PLACEMENT3D(#27,#9,#10);
#29=IFCLOCALPLACEMENT($,#28);
#49=IFCCOLOURRGB($,0.,0.843137254901961,0.607843137254902);
#50=IFCSURFACESTYLERENDERING(#49,$,$,$,$,$,$,$,.NOTDEFINED.);
#51=IFCSURFACESTYLE($,.BOTH.,(#50));
#55=IFCGEOMETRICREPRESENTATIONSUBCONTEXT('Body','Model',*,*,*,*,#12,1.,.MODEL_VIEW.,$);
#61=IFCRELCONTAINEDINSPATIALSTRUCTURE('2EpZ37lrX6QxSCz4gTWA3g',#6,$,$,(#65,#119,#145,#201,#224,#280,#332,#361),#15);
#65=IFCFOOTING('3TJ7ycm3l3GOTZ1M$X55Vh',#6,'Extended Element','[Generic].[PhysicalObject]','<null>',#91,#87,'88',.STRIP_FOOTING.);
#66=IFCPROPERTYSINGLEVALUE('In Spatial Index',$,IFCBOOLEAN(.T.),$);
#67=IFCPROPERTYSINGLEVALUE('Last Modified',$,IFCDATETIME('2026-06-02T16:12:31.111Z'),$);
#68=IFCPROPERTYSINGLEVALUE('Federation GUID',$,IFCTEXT('267f4cdd-3bc0-41c3-8763-056fe11457eb'),$);
#69=IFCPROPERTYSINGLEVALUE('User Label',$,IFCTEXT('Extended Element'),$);
#70=IFCPROPERTYSINGLEVALUE('Origin',$,IFCTEXT('-5,-13.92210504893678,0.69999999999999962'),$);
#71=IFCPROPERTYSINGLEVALUE('Yaw',$,IFCREAL(0.),$);
#72=IFCPROPERTYSINGLEVALUE('Pitch',$,IFCREAL(0.),$);
#73=IFCPROPERTYSINGLEVALUE('Roll',$,IFCREAL(0.),$);
#74=IFCPROPERTYSINGLEVALUE('Bounding Box Low',$,IFCTEXT('-0.25500000000000278,11.525763452493246,-0.69999999999999973'),$);
#75=IFCPROPERTYSINGLEVALUE('Bounding Box High',$,IFCTEXT('10.254999999999997,15.272105048936782,-0.19999999999999971'),$);
#76=IFCPROPERTYSET('2cKpXUBVb199_L7InpgUYq',#6,'[Generic].[PhysicalObject]',$,(#66,#67,#68,#69,#70,#71,#72,#73,#74,#75));
#77=IFCRELDEFINESBYPROPERTIES('3NMvm0PQLAzRQRkaZe0sM6',#6,$,$,(#65),#76);
#78=IFCCARTESIANPOINTLIST3D(((-4.68471011921142,0.771336990363469,-0.25),(-3.42367865642269,-1.61724770018174,-0.25),(-3.905,-1.87317079822177,-0.25),(-4.09664952830606,1.04188779182323,-0.25),(-2.92567749457827,-1.39552329761162,-0.25),(-2.87619802565759,1.47195830796809,-0.25),(-1.8894100046334,-1.0588195795627,-0.25),(-2.41342272606834,-1.20907780951308,-0.25),(2.87619802565759,1.4719583079681,-0.25),(3.49304894253122,1.2757239045149,-0.25),(2.41342272606834,-1.20907780951308,-0.25),(4.09664952830606,1.04188779182323,-0.25),(2.92567749457827,-1.39552329761162,-0.25),(4.68471011921142,0.771336990363475,-0.25),(3.4236786564227,-1.61724770018174,-0.25),(-3.49304894253122,1.27572390451489,-0.25),(-2.24843670450029,1.62984661787517,-0.25),(-1.61214629277498,1.7487899097958,-0.25),(-1.35619226757872,-0.945480650752886,-0.25),(-0.969740457959305,1.82833699108258,-0.25),(-0.816367298120372,-0.869613198952019,-0.25),(-0.32365606542535,1.86818611240924,-0.25),(-0.27256506924653,-0.831586842759094,-0.25),(0.323656065425351,1.86818611240924,-0.25),(0.272565069246533,-0.831586842759094,-0.25),(0.969740457959303,1.82833699108258,-0.25),(0.816367298120375,-0.869613198952017,-0.25),(1.88941000463341,-1.0588195795627,-0.25),(2.24843670450029,1.62984661787517,-0.25),(1.61214629277498,1.7487899097958,-0.25),(1.35619226757873,-0.945480650752886,-0.25),(5.255,0.465097791996222,-0.25),(3.905,-1.87317079822176,-0.25),(-5.255,0.465097791996214,-0.25),(3.905,-1.87317079822176,0.0499999999999999),(3.4542746706104,-1.63225309040793,0.0499999999999999),(3.42324916171044,-1.61819561521138,0.0499999999999999),(2.98875760677135,-1.42133005286508,0.0499999999999999),(2.92499669293247,-1.39733214419379,0.0499999999999999),(2.51044222401769,-1.24130489042146,0.0499999999999999),(2.41264588944524,-1.21163869665995,0.0499999999999999),(2.02137674225069,-1.09294849846061,0.0499999999999999),(1.88866727114411,-1.0620049897738,0.0499999999999999),(1.52365541494597,-0.976896161829004,0.0499999999999999),(1.35558679881002,-0.949147921002821,0.0499999999999999),(1.01940956123861,-0.893644834448773,0.0499999999999999),(0.815973828442612,-0.873608163632703,0.0499999999999999),(0.510798439287422,-0.843551011284738,0.0499999999999999),(5.32907051820075E-15,-0.826829201778231,0.0499999999999999),(0.272428860182618,-0.83574759923928,0.0499999999999999),(-0.510798439287412,-0.843551011284738,0.0499999999999999),(-0.272428860182615,-0.83574759923928,0.0499999999999999),(-1.0194095612386,-0.893644834448772,0.0499999999999999),(-0.815973828442609,-0.873608163632703,0.0499999999999999),(-1.52365541494596,-0.976896161829002,0.0499999999999999),(-1.35558679881002,-0.949147921002821,0.0499999999999999),(-2.02137674225068,-1.09294849846061,0.0499999999999999),(-1.8886672711441,-1.0620049897738,0.0499999999999999),(-2.51044222401768,-1.24130489042146,0.0499999999999999),(-2.41264588944524,-1.21163869665995,0.0499999999999999),(-2.98875760677134,-1.42133005286508,0.0499999999999999),(-2.92499669293247,-1.39733214419379,0.0499999999999999),(-3.45427467061039,-1.63225309040793,0.0499999999999999),(-3.42324916171044,-1.61819561521138,0.0499999999999999),(-3.905,-1.87317079822177,0.0499999999999999),(4.6,-0.669395486961394,0.15),(4.06905595001481,-0.385599979677497,0.15),(3.52068757775883,-0.137137502674392,0.15),(2.95724308078909,0.0749279895767412,0.15),(2.38113521494319,0.249688400081197,0.15),(1.79483096254838,0.386395377931489,0.15),(1.20084096842448,0.484463522860825,0.15),(0.60170878891732,0.54347289201692,0.15),(5.32907051820075E-15,0.563170798221769,0.15),(-0.60170878891731,0.54347289201692,0.15),(-1.20084096842447,0.484463522860825,0.15),(-1.79483096254837,0.386395377931491,0.15),(-2.38113521494318,0.249688400081199,0.15),(-2.95724308078908,0.0749279895767412,0.15),(-3.52068757775882,-0.137137502674392,0.15),(-4.0690559500148,-0.385599979677496,0.15),(-4.6,-0.669395486961397,0.15),(4.6,-0.669395486961394,0.25),(4.06905595001481,-0.385599979677496,0.25),(3.52068757775882,-0.13713750267439,0.25),(2.95724308078909,0.074927989576743,0.25),(2.38113521494319,0.249688400081199,0.25),(1.79483096254838,0.386395377931491,0.25),(1.20084096842447,0.484463522860825,0.25),(0.601708788917316,0.543472892016922,0.25),(-8.88178419700125E-16,0.563170798221769,0.25),(-0.601708788917316,0.54347289201692,0.25),(-1.20084096842448,0.484463522860825,0.25),(-1.79483096254838,0.386395377931487,0.25),(-2.38113521494319,0.249688400081196,0.25),(-2.95724308078909,0.0749279895767394,0.25),(-3.52068757775883,-0.137137502674396,0.25),(-4.06905595001481,-0.385599979677499,0.25),(-4.6,-0.669395486961397,0.25),(3.8978587329268,0.5722259776713,0.25),(3.3235479947966,0.794715142934539,0.25),(4.45738355776539,0.314803711772386,0.25),(1.53391654878686,1.24482551903436,0.25),(0.922683594633026,1.32051256117211,0.25),(0.307950585561709,1.35842799535543,0.25),(-3.32354799479659,0.794715142934541,0.25),(-3.89785873292679,0.572225977671302,0.25),(-4.45738355776538,0.314803711772386,0.25),(2.73662990072084,0.981427229949956,0.25),(2.13933083206498,1.13165397581777,0.25),(-0.307950585561699,1.35842799535543,0.25),(-0.922683594633015,1.32051256117211,0.25),(-1.53391654878685,1.24482551903436,0.25),(-2.13933083206497,1.13165397581777,0.25),(-2.73662990072083,0.981427229949956,0.25),(-5.,0.02342483606615,0.25),(5.,0.0234248360661571,0.25),(-5.005,0.0320850901039957,0.15),(-5.255,0.465097791996214,0.05),(5.005,0.0320850901040011,0.15),(5.255,0.46509779199622,0.05),(-4.46184094132315,0.323755344685939,0.15),(-3.90175659165972,0.581435032850752,0.15),(-3.32687154279139,0.804146687279253,0.15),(-2.73936653062155,0.991045486381685,0.15),(-2.14147016289704,1.14142245899537,0.15),(-1.53545046533564,1.25470717375517,0.15),(-0.923606278227648,1.33046990293506,0.15),(-0.30825853614726,1.36842325255256,0.15),(0.308258536147271,1.36842325255256,0.15),(0.923606278227658,1.33046990293506,0.15),(1.53545046533565,1.25470717375517,0.15),(2.14147016289705,1.14142245899537,0.15),(2.73936653062156,0.991045486381685,0.15),(3.3268715427914,0.804146687279253,0.15),(3.90175659165973,0.581435032850752,0.15),(4.46184094132316,0.323755344685939,0.15),(-4.68471011921142,0.771336990363469,0.05),(-4.09664952830606,1.04188779182323,0.05),(-3.49304894253122,1.27572390451489,0.05),(-2.87619802565759,1.47195830796809,0.05),(-2.24843670450028,1.62984661787517,0.05),(-1.61214629277498,1.7487899097958,0.05),(-0.9697404579593,1.82833699108258,0.05),(-0.323656065425346,1.86818611240924,0.05),(0.323656065425356,1.86818611240924,0.05),(0.969740457959309,1.82833699108258,0.05),(1.61214629277499,1.7487899097958,0.05),(2.24843670450029,1.62984661787517,0.05),(2.8761980256576,1.47195830796809,0.05),(3.49304894253123,1.27572390451489,0.05),(4.09664952830607,1.04188779182323,0.05),(4.68471011921143,0.771336990363469,0.05)),$);
#79=IFCTRIANGULATEDFACESET(#78,$,$,((1,2,3),(4,5,2),(6,7,8),(9,10,11),(10,12,13),(12,14,15),(2,1,4),(16,8,5),(8,16,6),(17,18,19),(18,20,21),(20,22,23),(24,25,23),(26,27,25),(28,29,9),(15,13,12),(5,4,16),(19,7,17),(23,21,20),(25,24,26),(30,31,27),(29,28,31),(13,11,10),(14,32,33),(6,17,7),(23,22,24),(31,30,29),(33,15,14),(21,19,18),(11,28,9),(27,26,30),(3,34,1),(33,35,36),(36,15,33),(15,37,38),(38,13,15),(13,39,40),(40,11,13),(11,41,42),(42,28,11),(28,43,44),(44,31,28),(31,45,46),(46,27,31),(27,47,48),(48,25,27),(23,25,49),(25,50,49),(21,23,51),(23,52,51),(19,21,53),(21,54,53),(7,19,55),(19,56,55),(8,7,57),(7,58,57),(5,8,59),(8,60,59),(2,5,61),(5,62,61),(3,2,63),(2,64,63),(63,65,3),(61,64,2),(59,62,5),(57,60,8),(55,58,7),(53,56,19),(51,54,21),(49,52,23),(48,50,25),(46,47,27),(44,45,31),(42,43,28),(40,41,11),(38,39,13),(36,37,15),(66,67,36),(68,38,37),(37,67,68),(69,40,39),(39,68,69),(70,42,41),(41,69,70),(71,44,43),(43,70,71),(72,46,45),(45,71,72),(73,48,47),(47,72,73),(74,49,50),(50,73,74),(74,75,52),(75,51,52),(75,76,54),(76,53,54),(76,77,56),(77,55,56),(77,78,58),(78,57,58),(78,79,60),(79,59,60),(79,80,62),(80,61,62),(80,81,64),(81,63,64),(81,82,65),(65,63,81),(64,61,80),(62,59,79),(60,57,78),(58,55,77),(56,53,76),(54,51,75),(52,49,74),(50,48,73),(47,46,72),(45,44,71),(43,42,70),(41,40,69),(39,38,68),(37,36,67),(36,35,66),(67,66,83),(68,67,84),(69,68,85),(70,69,86),(71,70,87),(72,71,88),(73,72,89),(74,73,90),(75,74,91),(76,75,92),(77,76,93),(78,77,94),(79,78,95),(80,79,96),(81,80,97),(82,81,98),(98,99,82),(97,98,81),(96,97,80),(95,96,79),(94,95,78),(93,94,77),(92,93,76),(91,92,75),(90,91,74),(89,90,73),(88,89,72),(87,88,71),(86,87,70),(85,86,69),(84,85,68),(83,84,67),(100,85,84),(101,86,85),(102,84,83),(85,100,101),(103,89,88),(104,90,89),(105,91,90),(106,107,97),(107,108,98),(84,102,100),(109,87,86),(110,88,87),(89,103,104),(90,104,105),(111,112,92),(113,114,94),(114,115,95),(115,106,96),(98,97,107),(86,101,109),(88,110,103),(92,91,111),(112,113,93),(95,94,114),(97,96,106),(87,109,110),(93,92,112),(96,95,115),(108,116,99),(105,111,91),(99,98,108),(94,93,113),(83,117,102),(34,82,118),(82,99,116),(116,118,82),(3,65,82),(82,34,3),(118,119,34),(66,120,117),(32,121,120),(33,32,66),(120,66,32),(117,83,66),(66,35,33),(118,116,108),(122,108,107),(123,107,106),(124,106,115),(125,115,114),(126,114,113),(127,113,112),(128,112,111),(129,111,105),(130,105,104),(131,104,103),(132,103,110),(133,110,109),(134,109,101),(135,101,100),(136,100,102),(137,102,117),(117,120,137),(102,137,136),(100,136,135),(101,135,134),(109,134,133),(110,133,132),(103,132,131),(104,131,130),(105,130,129),(111,129,128),(112,128,127),(113,127,126),(114,126,125),(115,125,124),(106,124,123),(107,123,122),(108,122,118),(119,118,122),(138,122,123),(139,123,124),(140,124,125),(141,125,126),(142,126,127),(143,127,128),(144,128,129),(145,129,130),(146,130,131),(147,131,132),(148,132,133),(149,133,134),(150,134,135),(151,135,136),(152,136,137),(153,137,120),(120,121,153),(137,153,152),(136,152,151),(135,151,150),(134,150,149),(133,149,148),(132,148,147),(131,147,146),(130,146,145),(129,145,144),(128,144,143),(127,143,142),(126,142,141),(125,141,140),(124,140,139),(123,139,138),(122,138,119),(34,119,138),(1,138,139),(4,139,140),(16,140,141),(6,141,142),(17,142,143),(18,143,144),(20,144,145),(22,145,146),(24,146,147),(26,147,148),(30,148,149),(29,149,150),(9,150,151),(10,151,152),(12,152,153),(14,153,121),(121,32,14),(153,14,12),(152,12,10),(151,10,9),(150,9,29),(149,29,30),(148,30,26),(147,26,24),(146,24,22),(145,22,20),(144,20,18),(143,18,17),(142,17,6),(141,6,16),(140,16,4),(139,4,1),(138,1,34)),$);
#80=IFCSTYLEDITEM(#79,(#51),$);
#81=IFCAXIS2PLACEMENT3D(#7,#9,#10);
#82=IFCSHAPEREPRESENTATION(#55,'Body','Tessellation',(#79));
#83=IFCREPRESENTATIONMAP(#81,#82);
#84=IFCCARTESIANTRANSFORMATIONOPERATOR3DNONUNIFORM($,$,#7,$,$,$,$);
#85=IFCMAPPEDITEM(#83,#84);
#86=IFCSTYLEDITEM(#85,(#51),$);
#87=IFCPRODUCTDEFINITIONSHAPE($,$,(#88));
#88=IFCSHAPEREPRESENTATION(#55,'Body','MappedRepresentation',(#85));
#89=IFCCARTESIANPOINT((0.,1.76139634933,-2.644));
#90=IFCAXIS2PLACEMENT3D(#89,#9,#10);
#91=IFCLOCALPLACEMENT(#29,#90);
#119=IFCWALL('12nXZfRbfdJ9lzp_6dkpSu',#6,'Smart Solid','[Generic].[PhysicalObject]','<null>',#144,#140,'90',.RETAININGWALL.);
#120=IFCPROPERTYSINGLEVALUE('In Spatial Index',$,IFCBOOLEAN(.T.),$);
#121=IFCPROPERTYSINGLEVALUE('Last Modified',$,IFCDATETIME('2026-06-02T16:12:31.115Z'),$);
#122=IFCPROPERTYSINGLEVALUE('Federation GUID',$,IFCTEXT('e918c642-5a6e-4c67-9bfd-cfe1a7bb3738'),$);
#123=IFCPROPERTYSINGLEVALUE('User Label',$,IFCTEXT('Smart Solid'),$);
#124=IFCPROPERTYSINGLEVALUE('Origin',$,IFCTEXT('-4.9999999999999964,-0.49974596215561606,0.49999999999999956'),$);
#125=IFCPROPERTYSINGLEVALUE('Yaw',$,IFCREAL(0.),$);
#126=IFCPROPERTYSINGLEVALUE('Pitch',$,IFCREAL(0.),$);
#127=IFCPROPERTYSINGLEVALUE('Roll',$,IFCREAL(0.),$);
#128=IFCPROPERTYSINGLEVALUE('Bounding Box Low',$,IFCTEXT('2.4286128663675299e-15,-0.69282032302754915,0'),$);
#129=IFCPROPERTYSINGLEVALUE('Bounding Box High',$,IFCTEXT('10.000000000000004,1.339745962155614,4'),$);
#130=IFCPROPERTYSET('2SJP2Q0j52efJMT8mqNeo2',#6,'[Generic].[PhysicalObject]',$,(#120,#121,#122,#123,#124,#125,#126,#127,#128,#129));
#131=IFCRELDEFINESBYPROPERTIES('0g9xkNa6nDWg8DOmGrk6pq',#6,$,$,(#119),#130);
#132=IFCCARTESIANPOINTLIST3D(((1.67688078294328,0.330128312314972,0.358944594177487),(1.57246731984929,0.34270854644993,0.404968329404308),(1.59681115944956,0.339040647198741,0.401488116538896),(1.63930665374739,0.333689852906262,0.385033298716573),(1.71099544839655,0.328306324083738,0.321330164798321),(1.7120007160025,0.328256182805872,0.320186764505202),(1.59629800318189,0.339105260957766,0.40168681743739),(1.51469210362592,0.391743586577036,0.0153182233901763),(1.49490190824229,0.394651219644255,0.0188791928871193),(1.48756322071827,0.395527647172844,0.0221906535521126),(1.56845392744365,0.383194125060273,0.012063752152633),(1.54186021580674,0.387751968514679,0.0104297007207395),(1.69380066616308,0.329163974672208,0.340887662652083),(1.72377202257482,0.328608015982395,0.29753379060351),(1.54696015345201,0.34665711172487,0.407575068688694),(1.5508024974223,0.345984345941364,0.407951599882248),(1.7356561241327,0.329186090823823,0.272464836830892),(1.44298097233416,0.367007473050938,0.376228407607471),(1.46216346097764,0.362591219289183,0.388542278670536),(1.46147427887322,0.39864333601365,0.0339628545660364),(1.67956175871801,0.329874190549537,0.357083122298829),(1.52039395803706,0.351308654484002,0.404971709555535),(1.46728529623393,0.361565296454017,0.390318211390773),(1.42004974052894,0.372440016853845,0.359996152905359),(1.42379848369066,0.371423726812695,0.363914536544402),(1.3845946173383,0.382572812141067,0.317797641430557),(1.39224614495521,0.379977614408738,0.330934371582242),(1.59388983578416,0.378738767505632,0.014573315110304),(1.39735335300547,0.403757163946699,0.0879948989425667),(1.38168958699438,0.404301465206037,0.108149174967356),(1.54278230560273,0.387616492399877,0.0102637835292576),(1.59110887242011,0.379291430896059,0.013652206141813),(1.36113678926729,0.402819902323906,0.156258128446979),(1.72137776036028,0.347987512147223,0.110230595673472),(1.71048763401644,0.351807671370806,0.090285363876788),(1.73395183830542,0.343528022069148,0.133739638013322),(1.73371798919728,0.343658669898356,0.132831685578825),(1.73466401379724,0.328933567258024,0.276572991444729),(1.40068977275387,0.377688533916223,0.339760095723124),(1.36288209143827,0.39095992668431,0.27042867048196),(1.36920743951951,0.387791739782919,0.291379753013763),(1.38107040735561,0.404262720079789,0.109540417838951),(1.41516418859541,0.402970767162443,0.0667305108888381),(1.41184703736026,0.403253521933585,0.0693461451948458),(1.4503599497471,0.399970671995192,0.0389780106955842),(1.65726770334336,0.36550416533543,0.0418744297802633),(1.63696238791687,0.370178919862983,0.0288397792349793),(1.70849140018026,0.352354829567569,0.0881398326684106),(1.7408418818035,0.339678662825001,0.160491212212226),(1.74591385149172,0.336049340358191,0.188034429901049),(1.74586082850546,0.336874656015974,0.179977986879972),(1.49373644565471,0.356267031896636,0.39948981871385),(1.50527281096018,0.353956254605006,0.403489910007968),(1.3711517232999,0.387132289656031,0.294717848703931),(1.37047953683627,0.403599997035209,0.133337184062476),(1.36170929345429,0.40305119961717,0.153043159232607),(1.61710964521445,0.374124273560573,0.0222641660540415),(1.69182373391264,0.356923357589665,0.0702255996262386),(1.67757301876985,0.360829410807877,0.0549090803255452),(1.74610234754098,0.333115353575236,0.216674983510505),(1.43748122545065,0.401068457559642,0.0491331199141536),(1.35589084701305,0.394506090492114,0.246833435441294),(1.74233081616552,0.330885011772936,0.244826109674698),(1.7461826500363,0.331865425734118,0.228876342272407),(1.35592438995696,0.394444841413706,0.247383080564322),(1.35311308890767,0.39957824887009,0.201316226233784),(1.78658257834748,0.59368789194077,0.573843839494972),(1.81642768111452,0.590569102710089,0.549147178280443),(1.75155940652064,0.597939590158988,0.595636322708341),(1.82730610632805,0.589432316026271,0.540145340218659),(1.84682532666915,0.587893268412875,0.518312087300198),(1.87002828764599,0.586216544024482,0.490702441019875),(1.87489595530024,0.586072990246225,0.482708690535387),(1.86283839426571,0.586630673235558,0.500400646744348),(1.89777729144302,0.585398190221207,0.445132646961932),(1.89903080441897,0.585451674100721,0.442156856297461),(1.91789261976586,0.586256454808069,0.397379646087975),(1.92994447673449,0.588720591309668,0.349465074432727),(1.91861308390425,0.586287194990187,0.395669292467193),(1.9220236942316,0.586692824808828,0.384982422444195),(1.93364223664007,0.589667239404343,0.332884057925682),(1.93595731704285,0.592539873309062,0.300140467292771),(1.93721151049376,0.595472875389278,0.2689075200086),(1.93521195400616,0.597737958264766,0.250661070297543),(1.93741602629827,0.594349891509381,0.279509054813814),(1.93144686850861,0.602003019411152,0.21630372974977),(1.92773850274179,0.604166129180649,0.202392634895864),(1.91781018172121,0.609957372424915,0.165148785679788),(1.91460105868621,0.611489339078157,0.156410306020647),(1.89482625965069,0.619675548950994,0.114567909753279),(1.91425669118892,0.611653732750993,0.155472589286983),(1.87073669189132,0.628188669856446,0.0772866026503212),(1.89181497822059,0.620918750683863,0.108228601146478),(1.85581164695971,0.633150617510739,0.0570692192901188),(1.8436126886665,0.636724726764774,0.0448445849111034),(1.86233447974585,0.631086600087307,0.0649525242765843),(1.81917554552334,0.643884438057396,0.0203560070331905),(1.78385670738604,0.653096524077918,-0.00539296516901722),(1.7682812849222,0.657013114370996,-0.015556464967329),(1.72147649934891,0.66773284429453,-0.0377287998414024),(1.77710013056181,0.654858817805336,-0.0103188041264852),(1.71370026129039,0.669331293397852,-0.0400170192433456),(1.67270240596329,0.67775863121757,-0.0520809616396019),(1.67144528001482,0.678017040467643,-0.0524508808684518),(1.66125749241914,0.679975606414182,-0.0544381919862138),(1.62820332640833,0.68590251232713,-0.0577501627858006),(1.58156113760004,0.6936734952949,-0.0581055256717344),(1.60947641732137,0.689260413662847,-0.0596265669898044),(1.55706373678154,0.697546249953438,-0.0567707169504084),(1.54647577548082,0.699084431251762,-0.0552028807386906),(1.49553477761227,0.705828198095983,-0.0428006809768666),(1.53375947389029,0.700767864569433,-0.0521069438871142),(1.48620015828555,0.706855874239137,-0.0389533843868788),(1.48023467081086,0.707512632586253,-0.0364946874849836),(1.44665042577772,0.711210022506323,-0.0226528213230208),(1.43664190278564,0.712167490890897,-0.0174031753724775),(1.39798609457361,0.71527647930717,0.00762503107912593),(1.44021761828994,0.711825418983753,-0.0192787009052973),(1.39234250316126,0.715730379022082,0.0112790478370215),(1.36029219678346,0.717395287845481,0.039692724457872),(1.35256754362564,0.717796558368406,0.0465408897841915),(1.34430202257152,0.718054861274317,0.0553613466658165),(1.32827715782977,0.71816781096601,0.0759751580167842),(1.31177474918819,0.718284126579171,0.0972032647157275),(1.3019293613116,0.717828236216623,0.11478558860173),(1.28573066075038,0.717078155918698,0.143713935901984),(1.28107870373879,0.716567827096614,0.154860590160307),(1.27489617769705,0.715889591845405,0.169674673794085),(1.26739415772674,0.714245003662415,0.195704476023572),(1.26020680322173,0.712669396248322,0.220642481661943),(1.25328540499339,0.70822050933624,0.273660547797652),(1.25360306273341,0.703820819051986,0.316886376541815),(1.25879360020495,0.699547115825304,0.352584362586863),(1.26124049483542,0.697532430152583,0.369412910854061),(1.26881543375619,0.694037533656113,0.394216609390348),(1.27679782150193,0.690354649971133,0.420354475492732),(1.28067128938456,0.688885451989066,0.429843503653516),(1.28406749800332,0.687770815074378,0.436390384908747),(1.30499060955856,0.680903842185601,0.476723928050269),(1.30573512212951,0.680699434757791,0.477740751529419),(1.33414397035621,0.672899728185032,0.516540343396453),(1.3362555416256,0.672319992034618,0.519424237273345),(1.3424133504976,0.670761122510823,0.526404258209645),(1.36870821959322,0.664541393974368,0.551258012907988),(1.38046482515533,0.661760513231412,0.562370286928572),(1.40797590162883,0.655849133301012,0.581275323222828),(1.43185539598497,0.650800777856529,0.596642799520236),(1.42370107831832,0.652470221757007,0.592081335715092),(1.45117167455891,0.647012647700182,0.605229401430713),(1.4704153219562,0.643238761299408,0.613783716842637),(1.47931061934011,0.641494297729954,0.617737914190669),(1.52966408506714,0.632253655661894,0.63123646600929),(1.53974419155935,0.630471571309407,0.632946373872198),(1.49696334922424,0.638254747958589,0.622470186053997),(1.54377886148777,0.629783689765231,0.633248126410471),(1.59041136190494,0.621833191468043,0.636735766196751),(1.59141220488515,0.621662555102014,0.636810619137648),(1.63533929702197,0.61462635037643,0.633223815795118),(1.67739948776296,0.608262569953504,0.624242224082838),(1.64342108177604,0.61333181688214,0.632563909319196),(1.65332866015906,0.61180714953682,0.630817695553315),(1.70359083658072,0.604405730387928,0.61708748600077),(-4.92823260059491,-0.282422503438229,-2.),(-4.73010215882418,-0.632338633072744,2.),(-4.27908821545477,-0.390149260399822,2.),(-4.3919658884737,0.000192961511370993,-2.),(-4.21549261094855,-0.360890639715874,2.),(-3.74194438360973,-0.143023885136864,2.),(-3.83956074452294,0.249796736512287,-2.),(-2.69450633154258,0.646425178370544,-2.),(-2.5864328886984,0.260053779985728,2.),(-2.05375759878238,0.394026993083748,2.),(-2.10606460488791,0.791992420185628,-2.),(-0.908155414222076,0.974960451532721,-2.),(-0.871803274407918,0.576193058711156,2.),(-0.295632562139239,0.611730051839896,2.),(-0.303089709309782,1.01168891865243,-2.),(0.290966120937398,0.611730051839896,2.),(0.303089709309799,1.01168891865243,-2.),(0.0495022751448202,0.916655667624895,-1.00496280979001),(-8.88178419700125E-16,0.916779423570584,-1.00496280979001),(-0.0495022751448104,0.916655667624897,-1.00496280979001),(-0.290966120937398,0.611730051839896,2.),(-0.0482485582613039,0.665914380455137,1.502481404895),(-8.88178419700125E-16,0.666035002102085,1.502481404895),(0.0482485582613137,0.665914380455135,1.502481404895),(0.295632562139232,0.611730051839896,2.),(0.908155414222093,0.974960451532719,-2.),(0.871803274407917,0.576193058711157,2.),(2.69450633154259,0.646425178370538,-2.),(2.10606460488793,0.791992420185625,-2.),(2.05375759878237,0.394026993083749,2.),(2.02164731305435,0.400029445766711,2.),(4.39196588847372,0.000192961511364054,-2.),(3.83956074452295,0.249796736512281,-2.),(3.74194438360972,-0.143023885136863,2.),(3.68537242410409,-0.121107791266336,2.),(4.92823260059493,-0.282422503438237,-2.),(4.27908821545477,-0.390149260399819,2.),(4.21549261094855,-0.360890639715874,2.),(-1.50988407039236,0.901638477326666,-2.),(-1.54121037386069,0.698529191815875,-0.0414289850037011),(-1.50492948359308,0.703226740702868,-0.0317443662715651),(-1.55157011190402,0.697053381594841,-0.0431957009384032),(-1.5462661438968,0.697808965390915,-0.0422911795348402),(-1.60360158703383,0.688977632764837,-0.047211459666437),(-1.59060371487208,0.69099501840768,-0.0462082915177502),(-1.49028044547949,0.705123457464183,-0.0278340336453204),(-1.63659503192281,0.683157106895992,-0.044656433151018),(-1.65573210922051,0.679781046777378,-0.043174449681642),(-1.71666972049925,0.667567324208812,-0.0276702179613828),(-1.68316724989168,0.674362138533637,-0.0367877958186891),(-1.66664973812938,0.677712142980999,-0.0412829777193271),(-1.76413722742479,0.656838093069837,-0.00636709437647554),(-1.72901368687394,0.664777178338848,-0.0221303221834035),(-1.77455104297529,0.654322737722287,-0.000427877347506378),(-1.7729943196269,0.654698749029576,-0.00131570926418689),(-1.81687500121347,0.643395299797288,0.0294313288667762),(-1.81284522903526,0.644435729075696,0.0265883575693251),(-1.854295730735,0.632558399446977,0.065755492457416),(-1.84792362497866,0.634403736937347,0.0595701129934234),(-1.8924674960814,0.619733543159995,0.118595831535909),(-1.87721832666606,0.624954098757156,0.0966045336963766),(-1.86272916067184,0.629914467061103,0.075709260245949),(-1.91551102021024,0.610331432597464,0.165984923692483),(-1.90093143278012,0.616280127432839,0.136001948498765),(-1.9304511732765,0.602042010448724,0.217866142709334),(-1.92446541522636,0.605935289797935,0.191515992311917),(-1.91923175141327,0.608504746857366,0.176593596136336),(-1.94013262454149,0.592057142645065,0.296590488913588),(-1.93618796999658,0.598310661467719,0.243120330250399),(-2.02164731305435,0.40002944576671,2.),(-1.93577627404637,0.587255002085481,0.352300529718091),(-1.92359998470667,0.584366663747149,0.404682915125377),(-1.93023979806638,0.585941694279948,0.376118444231372),(-1.90374945162279,0.583204002956531,0.455017185382572),(-1.91828514922146,0.584055369798461,0.418159548954541),(-1.8992713116459,0.583179906266469,0.463983471717397),(-1.90087066001819,0.583188512295363,0.460781201237),(-1.87119635301959,0.584050164462492,0.509722753315363),(-1.87603610561239,0.583900143427142,0.501837904413071),(-1.83661397821312,0.586558452212106,0.550874602744623),(-1.84530125842761,0.585928356718045,0.54053703485528),(-1.78969032380666,0.591342569893475,0.591194190930544),(-1.80875042951141,0.589363839630675,0.575226392326468),(-1.83033636120717,0.587122890028461,0.557142557150591),(-1.74440375336238,0.596900056338637,0.618705644913045),(-1.76733218674597,0.594086320246724,0.604776691279881),(-1.68745591432886,0.604787945379332,0.641419579018523),(-1.72220153015737,0.599936058102516,0.628095892039405),(-1.73621770215896,0.597978836019021,0.622721197018417),(-1.63636532200558,0.612526910158634,0.652382713477822),(-1.67462900510485,0.606730905799203,0.644172006111758),(-1.47255988683538,0.502671674571673,2.),(-1.62601106456828,0.614162665944135,0.653606473126761),(-1.62632307828994,0.614113374311831,0.653569596527469),(-1.57429481173477,0.622654731755991,0.654851552139424),(-1.57865037587607,0.621939526471211,0.65474669107151),(-1.44940385508403,0.505539012693737,2.),(-1.53318526341628,0.629833789977084,0.649369440869809),(-1.52280653343082,0.631646252285093,0.647985398598736),(-1.47014807390413,0.641486634977693,0.631548302946059),(-1.49097964095841,0.637566745406174,0.638438644661372),(-1.51305812914054,0.633412221872036,0.645741423551502),(-0.885776250847704,0.575331235023913,2.),(-1.46392422638589,0.642657780428147,0.629489675475889),(-1.35088539754352,0.667030148366695,0.551650025886214),(-1.35495003896508,0.666085337663066,0.555287133868242),(-1.38991089035832,0.657958818450547,0.586570678582986),(-1.4176191841317,0.651995048818683,0.605653094738132),(-1.31736821609477,0.675783303294998,0.510819897074722),(-1.32665167128144,0.673358889367379,0.522128863243822),(-1.28477660756393,0.685967276775797,0.45337412998983),(-1.30150596868879,0.680612510794188,0.48418934146778),(-1.31008522173209,0.677866447032342,0.499992186231469),(-1.26664919716161,0.693433880887455,0.403049945005705),(-1.28059458831488,0.687689832917404,0.441764269252681),(-1.26368848464021,0.694973938503996,0.39161710739599),(-1.26473233816357,0.694430962933899,0.395647964068036),(-1.25508930230036,0.70141422293845,0.338844364686279),(-1.25635893243288,0.700463344255241,0.34663601994744),(-1.25449654453418,0.706918180752887,0.285022118874863),(-1.25462381830611,0.705736400417765,0.296578543149255),(-1.25535844119489,0.707897577730318,0.27420239503349),(-1.2643817076595,0.712043386649856,0.221460527923153),(-1.26002516654281,0.710041740451027,0.246924933029478),(-1.2812642054432,0.714976484668896,0.170408102760234),(-1.27180921531926,0.713333812289615,0.198999853927794),(-1.31085267997047,0.7167060766314,0.114076677066872),(-1.28918958732011,0.715586375674756,0.153910101443994),(-1.2853739298487,0.715389155666056,0.160926214322679),(-1.34315977296854,0.716593656282795,0.0714024210755952),(-1.33907551323018,0.716607868452969,0.0767972966102088),(-1.3118291737042,0.716702678685137,0.112786832029762),(-1.38902401218034,0.714521533244225,0.0279552176528575),(-1.36920427033855,0.715477744566477,0.0461974493389268),(-1.35001039343251,0.716403760786159,0.0638636304763303),(-1.43309270762593,0.711112498066217,-0.00177087197115866),(-1.43237307085487,0.71116816722191,-0.00128544831754818),(-1.48003689421317,0.706219269090038,-0.0233461333182823),(-1.44207890780516,0.710279853326751,-0.00671599644628018),(0.885776250847696,0.575331235023914,2.),(1.44940385508403,0.505539012693737,2.),(1.47255988683538,0.502671674571674,2.),(1.50988407039238,0.901638477326664,-2.),(-3.27304700070952,0.465471643788203,-2.),(-3.61336384448885,0.233833268146576,-1.00496380984089),(-3.38182339323108,0.321287019359935,-1.00496280979001),(-3.6853724241041,-0.121107791266336,2.),(-3.52186030880743,0.000383125303574816,1.50245985812343),(-3.19060607500474,0.0705657135158455,2.),(-3.29617381303038,0.0856243063376619,1.502481404895),(-3.15840913813619,0.134515573620316,1.502481404895),(-3.14168731592049,0.0861278910922705,2.),(-2.627164704692,0.249809317050644,2.),(-3.06842153433328,0.165181536483521,1.50245985812344),(-3.14816258259892,0.402906653913544,-1.00496380984089),(-3.24023335814583,0.370745578066571,-1.00496341578483),(3.27304700070953,0.465471643788196,-2.),(3.14816258259891,0.402906653913549,-1.0049638098409),(2.5864328886984,0.260053779985728,2.),(3.06842153433327,0.165181536483529,1.50245985812343),(3.14168731592049,0.0861278910922699,2.),(3.15840913813621,0.134515573620309,1.50248140489501),(2.62716470469199,0.249809317050645,2.),(3.19060607500473,0.0705657135158455,2.),(3.52186030880741,0.000383125303578369,1.50245985812344),(3.29617381303038,0.0856243063376674,1.50248140489501),(3.61336384448885,0.233833268146583,-1.0049638098409),(3.38182339323107,0.321287019359941,-1.00496280979001),(3.24023335814585,0.370745578066567,-1.00496341578483),(4.73010215882419,-0.632338633072744,2.),(4.8,-0.669872981077805,2.),(-5.,-0.323462819564031,-2.),(-4.8,-0.669872981077805,2.),(5.,-0.323462819564031,-2.),(-4.6,-1.01628314259158,-2.),(-4.6,-1.01628314259158,1.988),(4.6,-1.01628314259158,-2.),(4.6,-1.01628314259158,1.988),(0.601708788917318,0.196585236386737,-2.),(-2.95724308078909,-0.271959666053442,-2.),(-3.52068757775883,-0.484025158304575,-2.),(-2.38113521494319,-0.0971992555489865,-2.),(-1.79483096254838,0.0395077223013048,-2.),(-1.20084096842447,0.137575867230641,-2.),(-0.601708788917315,0.196585236386737,-2.),(2.66453525910038E-15,0.216283142591585,-2.),(1.20084096842448,0.137575867230641,-2.),(2.38113521494319,-0.0971992555489879,-2.),(2.95724308078909,-0.271959666053444,-2.),(1.79483096254838,0.0395077223013048,-2.),(4.06905595001481,-0.732487635307685,-2.),(3.52068757775883,-0.484025158304578,-2.),(-4.06905595001481,-0.732487635307681,-2.),(4.10079287314415,-0.748214576941841,1.988),(4.06862854168896,-0.733416636409522,1.988),(3.58603003429265,-0.511386092314841,1.988),(3.51999800597553,-0.485805148262246,1.988),(3.05766415521287,-0.306696060272661,1.988),(2.95643704277221,-0.27449339755513,1.988),(2.51769950866316,-0.134920940218479,1.988),(2.38033701478245,-0.100372886248758,1.988),(1.96818436549978,0.00328766597991215,1.988),(1.79414195021415,0.0358218318677144,1.988),(1.4112032248839,0.107405485739173,1.988),(1.20033827577497,0.133516224991895,1.988),(0.848868907062376,0.177037564505904,1.988),(0.601444372787845,0.192298187420549,1.988),(0.283314538716764,0.211919763954553,1.988),(-0.283314538716771,0.211919763954553,1.988),(2.66453525910038E-15,0.211919763954552,1.988),(-0.848868907062383,0.177037564505904,1.988),(-0.601444372787842,0.19229818742055,1.988),(-1.41120322488391,0.107405485739172,1.988),(-1.20033827577497,0.133516224991895,1.988),(-1.96818436549978,0.00328766597991215,1.988),(-1.79414195021415,0.0358218318677158,1.988),(-2.51769950866317,-0.13492094021848,1.988),(-2.38033701478245,-0.100372886248757,1.988),(-3.05766415521288,-0.306696060272662,1.988),(-2.95643704277221,-0.274493397555129,1.988),(-3.58603003429266,-0.511386092314843,1.988),(-3.51999800597553,-0.485805148262243,1.988),(-4.10079287314416,-0.748214576941842,1.988),(-4.06862854168896,-0.733416636409518,1.988),(3.49672734431104,-0.00901560385135036,1.48059058671039),(3.2900558650885,0.0687909230714205,1.48059058671038),(3.58678766796517,0.220727723728597,-0.987052106322723),(3.37434590130211,0.30071288425675,-0.987052140366238),(3.16012236441764,0.375795547850575,-0.987052106322724),(3.08165492677582,0.141838885850704,1.48059058671039),(-8.88178419700125E-16,0.817275704549583,-1.01491318169211),(0.049004758622706,0.817153192397793,-1.01491318169211),(0.0477510417391995,0.566411905228033,1.4925310329929),(-8.88178419700125E-16,0.566531283081084,1.4925310329929),(-0.0490047586226963,0.817153192397793,-1.01491318169211),(-0.0477510417391898,0.566411905228033,1.4925310329929),(-3.29005586508851,0.0687909230714134,1.48059058671039),(-3.08165492677583,0.1418388858507,1.48059058671039),(-3.16012236441765,0.375795547850567,-0.987052106322722),(-3.37434590130212,0.300712884256743,-0.987052140366237),(-3.58678766796517,0.220727723728588,-0.987052106322722),(-3.49672734431103,-0.0090156038513573,1.48059058671039),(-1.44779867922943,0.360195428536714,0.380690750221217),(-1.41227074193535,0.36976254845781,0.353279873752486),(-1.3967518178682,0.374833162300761,0.33465953427041),(-1.40973576531048,0.370445178163175,0.351324062737054),(-1.38107251454651,0.380132054226339,0.314535592941839),(-1.37012618273832,0.38518901582634,0.290365275404096),(-1.380155847182,0.3804418461346,0.313359076365646),(-1.36016755057132,0.390247423548478,0.264963373107362),(-1.36084573316263,0.389581572446634,0.269089108930608),(-1.35560489279302,0.394727117878517,0.237206363584604),(-1.35397945964928,0.398773148010553,0.209051925478875),(-1.35297187247017,0.397312261622427,0.221188337748276),(-1.35634459415462,0.402202323050229,0.180563822390424),(-1.36350158008243,0.404665235960586,0.15335651985663),(-1.35700989454089,0.40316693266264,0.172550262930635),(-1.37271587809702,0.406791927559429,0.126112922247386),(-1.37241340927948,0.406722116718478,0.127007221383506),(-1.38675324875769,0.407416816381901,0.104104034797779),(-1.3991410854866,0.407968274407313,0.0846814156405715),(-1.40129704242862,0.407886801171628,0.0826240271106302),(-1.43468927225147,0.40662491464811,0.0507584599986126),(-1.41929832571804,0.407206535825185,0.0654457463008606),(-1.45595119116286,0.4047339550457,0.0385758348591976),(-1.47721311007424,0.402842995443289,0.0263932097197821),(-1.49753226900199,0.400248686587597,0.020619368767441),(-1.52129759982596,0.397214377518296,0.0138662723009348),(-1.54688147463346,0.393175580320438,0.0123539835340871),(-1.52414389856732,0.396850967888158,0.0130574752294681),(-1.57355465802832,0.38883332797144,0.0117575845189428),(-1.57264673051713,0.389010787165772,0.0115568166113333),(-1.60030549789632,0.38360473600551,0.0176729357786818),(-1.61979173765196,0.379796048235881,0.0219818828418359),(-1.62686637856603,0.378143075715817,0.025560621349848),(-1.65201663803378,0.372266779197367,0.0382829917340017),(-1.67481624912057,0.366337592833211,0.0543050784000214),(-1.66273107263952,0.369763377797009,0.0437029360365999),(-1.69575817805091,0.36040118426235,0.0726771156004906),(-1.71192275854978,0.354790841522535,0.0945231421328181),(-1.69887093651738,0.359518810623283,0.0754078914775471),(-1.7265406504562,0.349407344398976,0.116589734200625),(-1.72602826004473,0.349681181349946,0.115181575570304),(-1.73530492525385,0.344723450566606,0.140675839089684),(-1.74288974731843,0.340358467595017,0.163842249456426),(-1.74256257446235,0.34084474306941,0.160621414065316),(-1.74747510585829,0.333543270802897,0.208982562265338),(-1.74124227759346,0.328516473838699,0.25416156434424),(-1.73246932960408,0.326858328007189,0.277366603214412),(-1.74116701279322,0.328455772524099,0.254707125431757),(-1.72236739817315,0.325334545527321,0.301212585336451),(-1.72456213872796,0.325406067855317,0.29796666556251),(-1.707192831056,0.324840035885095,0.323655068279789),(-1.68945539216645,0.324933321986795,0.344883213736348),(-1.69855565672138,0.324558567164631,0.336429049651833),(-1.66858985513318,0.325792578393361,0.364267339629185),(-1.64446338830144,0.327745354293151,0.37952972088152),(-1.66454958294997,0.325958959433645,0.368020760617854),(-1.6243771936529,0.329531749152657,0.391038681145186),(-1.61912898569878,0.330191452567904,0.392607360767453),(-1.59202519851328,0.333598417598392,0.400708632480734),(-1.56499584915688,0.337486530751179,0.405130899960511),(-1.58020419273541,0.335084326303133,0.404241909180234),(-1.53827645906095,0.341706940252454,0.406692759168074),(-1.53441195811072,0.34231735001366,0.406918655282098),(-1.51301033387306,0.346376232155092,0.403111917624006),(-1.48897197104861,0.350952499512213,0.398707058626769),(-1.48946916100031,0.350840886103806,0.398924615375579)),$);
#133=IFCTRIANGULATEDFACESET(#132,$,$,((1,2,3),(3,4,1),(2,5,6),(2,7,3),(8,9,10),(11,12,8),(2,13,5),(1,13,2),(14,15,16),(17,18,19),(8,20,11),(1,21,13),(14,22,15),(19,23,17),(17,24,25),(17,26,27),(28,29,30),(11,31,12),(20,28,32),(33,34,35),(33,36,37),(22,14,38),(16,2,14),(25,18,17),(27,39,17),(17,40,41),(30,42,28),(28,43,44),(28,20,45),(32,11,20),(33,46,47),(35,48,33),(33,49,36),(33,50,51),(6,14,2),(17,52,53),(39,24,17),(41,54,17),(28,55,56),(44,29,28),(10,20,8),(47,57,33),(33,58,59),(37,34,33),(33,60,50),(53,22,17),(54,26,17),(42,55,28),(45,61,28),(59,46,33),(51,49,33),(62,63,64),(23,52,17),(17,62,65),(61,43,28),(48,58,33),(62,17,63),(65,40,17),(60,33,66),(57,28,33),(38,17,22),(56,33,28),(66,62,60),(64,60,62),(4,67,68),(4,69,67),(70,71,21),(1,68,70),(71,13,21),(13,72,73),(13,71,74),(74,72,13),(75,6,5),(6,75,76),(76,14,6),(77,38,14),(77,17,38),(78,63,17),(17,77,79),(79,80,17),(63,81,82),(63,78,81),(82,60,64),(60,83,84),(60,82,85),(85,83,60),(50,86,87),(50,84,86),(87,49,51),(49,88,89),(49,87,88),(90,37,36),(36,89,91),(90,34,37),(92,35,34),(34,90,93),(92,48,35),(48,94,95),(48,96,94),(48,92,96),(97,98,59),(58,95,97),(98,46,59),(99,100,47),(46,101,99),(46,98,101),(47,100,102),(102,57,47),(103,28,57),(104,105,32),(28,103,104),(106,11,32),(32,105,106),(107,12,31),(31,106,108),(31,108,107),(31,11,106),(109,8,12),(12,107,109),(109,110,8),(111,10,9),(9,112,111),(111,113,10),(20,114,115),(10,113,114),(114,20,10),(116,117,61),(45,118,116),(61,45,116),(43,61,117),(117,119,43),(29,44,120),(120,121,29),(121,122,29),(122,123,29),(124,42,30),(30,123,124),(124,125,42),(55,42,125),(125,126,55),(33,56,127),(127,128,33),(128,129,33),(66,33,129),(129,130,66),(130,131,66),(56,55,127),(126,127,55),(30,29,123),(44,43,120),(119,120,43),(45,20,118),(115,118,20),(9,8,112),(110,112,8),(32,28,104),(57,102,103),(47,46,99),(59,58,97),(95,58,48),(34,93,92),(36,91,90),(89,36,49),(87,51,50),(84,50,60),(82,64,63),(17,80,78),(14,76,77),(5,73,75),(73,5,13),(21,1,70),(68,1,4),(62,66,131),(131,132,62),(40,65,133),(133,134,40),(134,135,40),(54,136,137),(54,41,135),(135,136,54),(137,138,54),(138,139,26),(26,54,138),(140,141,39),(39,27,140),(24,142,143),(24,39,141),(141,142,24),(18,25,144),(144,145,18),(145,146,18),(19,18,146),(147,23,19),(19,148,147),(147,149,23),(52,150,151),(52,23,149),(149,150,52),(22,152,153),(152,22,53),(53,154,152),(153,155,22),(155,156,15),(156,157,16),(158,2,16),(16,157,158),(159,3,7),(7,158,160),(160,161,7),(7,161,159),(7,2,158),(3,162,69),(3,159,162),(69,4,3),(16,15,156),(15,22,155),(53,52,154),(151,154,52),(146,148,19),(25,24,144),(143,144,24),(27,26,140),(139,140,26),(41,40,135),(65,62,133),(132,133,62),(163,164,165),(165,166,163),(166,167,168),(168,169,166),(170,171,172),(172,173,170),(174,175,176),(176,177,174),(178,179,180),(179,177,181),(177,182,181),(181,180,179),(183,184,182),(183,178,185),(178,186,185),(185,184,183),(182,177,183),(179,178,187),(187,188,179),(187,189,188),(190,191,192),(191,193,192),(194,195,196),(195,197,196),(198,194,199),(194,200,199),(201,202,203),(201,204,205),(201,206,207),(207,204,201),(205,202,201),(203,208,201),(201,173,209),(173,210,209),(173,211,212),(212,213,173),(213,210,173),(173,214,215),(173,216,217),(173,218,219),(219,216,173),(217,214,173),(173,220,221),(173,222,223),(223,224,173),(224,220,173),(173,225,226),(173,227,228),(228,229,173),(229,225,173),(173,230,231),(231,227,173),(226,222,173),(221,218,173),(215,211,173),(209,206,201),(232,233,230),(232,234,235),(232,236,237),(232,238,239),(232,240,241),(241,238,232),(239,236,232),(237,234,232),(232,242,243),(232,244,245),(245,246,232),(246,242,232),(243,240,232),(232,247,248),(232,249,250),(250,251,232),(251,247,232),(248,244,232),(235,233,232),(230,173,232),(232,252,253),(232,254,255),(255,256,232),(254,257,258),(258,255,254),(256,252,232),(253,249,232),(259,260,257),(259,261,260),(259,262,263),(263,264,259),(264,261,259),(257,254,259),(265,266,262),(262,259,265),(175,267,268),(268,269,175),(269,270,175),(175,271,272),(175,273,274),(274,275,175),(275,271,175),(175,276,277),(175,278,279),(175,280,281),(281,278,175),(279,276,175),(277,273,175),(175,282,283),(174,284,282),(174,285,286),(286,284,174),(282,175,174),(283,280,175),(174,287,288),(174,289,290),(290,291,174),(291,287,174),(288,285,174),(272,267,175),(174,292,293),(293,294,174),(294,289,174),(174,295,296),(296,297,174),(297,292,174),(174,298,299),(174,201,300),(300,301,174),(301,298,174),(299,295,174),(270,266,175),(188,115,114),(188,116,118),(188,119,117),(117,116,188),(118,115,188),(188,121,120),(188,124,123),(123,122,188),(122,121,188),(188,126,125),(188,128,127),(188,130,129),(129,128,188),(127,126,188),(189,132,131),(189,134,133),(133,132,189),(131,188,189),(189,136,135),(189,139,138),(138,137,189),(137,136,189),(135,134,189),(189,142,141),(141,140,189),(140,139,189),(189,145,144),(144,143,189),(143,142,189),(131,130,188),(125,124,188),(189,148,146),(302,303,150),(150,149,302),(147,189,302),(149,147,302),(147,148,189),(146,145,189),(120,119,188),(303,152,154),(156,303,304),(304,157,156),(156,155,303),(155,153,303),(153,152,303),(154,151,303),(304,193,160),(160,158,304),(193,162,159),(159,161,193),(161,160,193),(193,70,68),(68,67,193),(67,69,193),(193,74,71),(193,75,73),(73,72,193),(72,74,193),(193,79,77),(77,76,193),(76,75,193),(193,81,78),(78,80,193),(80,79,193),(193,85,82),(191,86,84),(84,83,191),(83,193,191),(83,85,193),(82,81,193),(71,70,193),(191,88,87),(191,91,89),(191,93,90),(90,91,191),(89,88,191),(87,86,191),(191,96,92),(191,97,95),(95,94,191),(94,96,191),(92,93,191),(191,101,98),(191,100,99),(99,101,191),(98,97,191),(191,104,103),(103,102,191),(191,305,108),(108,106,191),(106,105,191),(105,104,191),(102,100,191),(305,109,107),(305,111,112),(112,110,305),(110,109,305),(107,108,305),(305,114,113),(113,111,305),(69,162,193),(158,157,304),(306,169,307),(307,308,306),(309,310,307),(311,312,310),(311,313,312),(310,309,311),(311,314,313),(307,169,309),(314,315,316),(316,313,314),(171,170,317),(317,316,171),(306,318,317),(317,170,306),(319,190,320),(321,322,320),(323,324,322),(322,321,325),(322,325,323),(320,190,321),(326,197,327),(327,328,326),(324,323,326),(197,195,329),(329,327,197),(319,330,329),(319,331,330),(329,195,319),(198,332,333),(334,335,164),(164,163,334),(333,336,198),(328,324,326),(320,331,319),(315,171,316),(308,318,306),(151,150,303),(114,305,188),(265,175,266),(208,300,201),(199,332,198),(196,200,194),(192,321,190),(180,186,178),(176,183,177),(172,232,173),(168,309,169),(165,167,166),(337,338,335),(335,334,337),(339,336,333),(333,340,339),(179,188,341),(306,342,343),(170,344,342),(173,345,344),(201,346,345),(174,347,346),(177,348,347),(348,177,179),(188,305,349),(342,306,170),(345,173,201),(347,174,177),(349,341,188),(191,190,350),(190,319,351),(344,170,173),(341,348,179),(305,191,352),(351,350,190),(198,339,353),(346,201,174),(350,352,191),(194,353,354),(353,194,198),(166,169,343),(352,349,305),(319,195,354),(198,336,339),(163,166,355),(343,169,306),(354,195,194),(337,334,163),(354,351,319),(343,355,166),(355,337,163),(339,340,356),(356,353,339),(353,357,358),(358,354,353),(354,359,360),(360,351,354),(351,361,362),(362,350,351),(350,363,364),(364,352,350),(352,365,366),(366,349,352),(349,367,368),(368,341,349),(341,369,370),(370,348,341),(347,348,371),(348,372,371),(346,347,373),(347,374,373),(345,346,375),(346,376,375),(344,345,377),(345,378,377),(342,344,379),(344,380,379),(343,342,381),(342,382,381),(355,343,383),(343,384,383),(337,355,385),(355,386,385),(385,338,337),(383,386,355),(381,384,343),(379,382,342),(377,380,344),(375,378,345),(373,376,346),(371,374,347),(370,372,348),(368,369,341),(366,367,349),(364,365,352),(362,363,350),(360,361,351),(358,359,354),(356,357,353),(356,340,332),(340,333,332),(358,357,200),(199,200,357),(357,356,199),(326,360,359),(358,196,197),(197,359,358),(325,362,361),(361,323,325),(360,326,323),(192,364,363),(363,321,192),(362,325,321),(304,366,365),(365,193,304),(364,192,193),(302,368,367),(367,303,302),(366,304,303),(187,370,369),(369,189,187),(368,302,189),(183,371,372),(372,178,183),(370,187,178),(372,370,178),(176,175,374),(175,373,374),(374,371,176),(265,259,376),(259,375,376),(376,373,265),(254,232,378),(232,377,378),(378,375,254),(172,171,380),(171,379,380),(380,377,172),(315,314,382),(314,381,382),(382,379,315),(383,384,309),(311,309,384),(384,381,311),(165,385,386),(383,168,167),(167,386,383),(385,165,164),(164,338,385),(164,335,338),(386,167,165),(309,168,383),(314,311,381),(171,315,379),(232,172,377),(259,254,375),(175,265,373),(183,176,371),(369,368,189),(367,366,303),(365,364,193),(363,362,321),(361,360,323),(359,197,326),(200,196,358),(332,199,356),(328,327,387),(387,388,328),(327,329,389),(389,387,327),(330,390,389),(389,329,330),(390,388,387),(387,389,390),(390,391,392),(392,388,390),(388,392,324),(392,322,324),(324,328,388),(322,392,391),(391,320,322),(390,330,331),(331,391,390),(331,320,391),(180,181,393),(393,394,180),(186,395,396),(396,185,186),(394,395,186),(186,180,394),(181,182,397),(397,393,181),(182,184,398),(398,397,182),(185,396,398),(398,184,185),(393,396,395),(395,394,393),(397,398,396),(396,393,397),(399,312,313),(313,400,399),(313,316,400),(316,317,401),(401,400,316),(402,401,318),(401,317,318),(318,308,402),(402,399,400),(400,401,402),(402,403,404),(404,399,402),(312,399,404),(404,310,312),(310,404,403),(403,307,310),(308,307,403),(403,402,308),(405,269,268),(405,270,269),(406,267,272),(406,268,267),(272,407,408),(407,275,274),(407,272,271),(271,275,407),(409,273,277),(409,274,273),(277,410,411),(410,276,279),(410,277,276),(279,412,413),(281,414,412),(412,279,278),(414,280,283),(414,281,280),(283,415,416),(415,284,286),(415,283,282),(282,284,415),(417,285,288),(417,286,285),(288,418,419),(418,291,290),(418,287,291),(418,288,287),(289,420,421),(420,289,294),(294,422,420),(293,423,422),(293,424,423),(424,297,296),(424,292,297),(424,293,292),(295,299,425),(426,296,295),(299,427,425),(300,428,427),(427,298,301),(427,299,298),(427,301,300),(428,208,203),(203,429,428),(202,430,429),(429,203,202),(430,205,204),(207,431,432),(432,204,207),(209,433,434),(434,207,206),(434,206,209),(434,431,207),(210,435,433),(433,209,210),(210,213,435),(212,211,436),(211,215,437),(437,436,211),(215,214,438),(438,437,215),(439,440,217),(217,216,439),(216,219,439),(441,439,219),(219,218,441),(442,443,221),(221,220,442),(220,224,442),(224,223,442),(444,445,223),(223,222,444),(222,226,444),(446,444,226),(226,225,446),(447,448,229),(229,228,447),(228,227,447),(449,447,227),(227,231,449),(231,230,449),(448,446,229),(225,229,446),(445,442,223),(443,441,221),(218,221,441),(440,438,217),(214,217,438),(436,435,212),(213,212,435),(204,432,430),(202,205,430),(300,208,428),(425,426,295),(296,426,424),(422,294,293),(421,290,289),(290,421,418),(288,419,417),(286,417,415),(283,416,414),(412,278,281),(279,413,410),(277,411,409),(274,409,407),(272,408,406),(268,406,405),(450,449,230),(230,233,450),(451,452,235),(235,234,451),(234,237,451),(453,454,237),(237,236,453),(236,239,453),(455,453,239),(239,238,455),(456,457,241),(241,240,456),(240,243,456),(458,242,246),(458,456,243),(243,242,458),(459,460,245),(245,244,459),(244,248,459),(461,459,248),(462,461,247),(247,251,462),(251,250,462),(463,462,250),(250,249,463),(252,464,465),(465,253,252),(252,256,464),(255,258,466),(464,256,255),(258,257,467),(260,468,467),(467,257,260),(263,469,470),(470,260,261),(261,264,470),(470,264,263),(470,468,260),(469,266,270),(469,262,266),(469,263,262),(270,405,469),(467,466,258),(466,464,255),(465,463,253),(249,253,463),(248,247,461),(460,458,245),(246,245,458),(457,455,241),(238,241,455),(454,451,237),(452,450,235),(233,235,450),(459,462,463),(438,417,419),(438,414,416),(459,464,466),(463,464,459),(435,436,437),(431,433,435),(438,427,428),(438,426,425),(438,422,423),(438,415,417),(438,412,414),(466,468,459),(459,461,462),(469,455,457),(435,438,431),(425,427,438),(423,424,438),(438,421,420),(416,415,438),(438,410,413),(438,409,411),(438,406,408),(438,469,405),(459,468,470),(463,465,464),(457,456,469),(469,451,454),(469,450,452),(469,446,448),(469,442,445),(469,441,443),(469,438,440),(431,434,433),(438,430,432),(428,429,438),(420,422,438),(413,412,438),(438,407,409),(405,406,438),(466,467,468),(469,458,460),(469,453,455),(452,451,469),(469,447,449),(469,444,446),(443,442,469),(440,439,469),(432,431,438),(424,426,438),(419,418,438),(408,407,438),(460,459,469),(454,453,469),(448,447,469),(439,441,469),(429,430,438),(411,410,438),(456,458,469),(445,444,469),(418,421,438),(449,450,469),(470,469,459),(437,438,435)),$);
#134=IFCSTYLEDITEM(#133,(#51),$);
#135=IFCAXIS2PLACEMENT3D(#7,#9,#10);
#136=IFCSHAPEREPRESENTATION(#55,'Body','Tessellation',(#133));
#137=IFCREPRESENTATIONMAP(#135,#136);
#138=IFCCARTESIANTRANSFORMATIONOPERATOR3DNONUNIFORM($,$,#7,$,$,$,$);
#139=IFCMAPPEDITEM(#137,#138);
#140=IFCPRODUCTDEFINITIONSHAPE($,$,(#141));
#141=IFCSHAPEREPRESENTATION(#55,'Body','MappedRepresentation',(#139));
#142=IFCCARTESIANPOINT((0.,2.10828400496,-0.394));
#143=IFCAXIS2PLACEMENT3D(#142,#9,#10);
#144=IFCLOCALPLACEMENT(#29,#143);
#145=IFCWALL('2vsfqfA90aHfgIMZXjG7zF',#6,'Smart Solid','[Generic].[PhysicalObject]','<null>',#170,#166,'91',.RETAININGWALL.);
#146=IFCPROPERTYSINGLEVALUE('In Spatial Index',$,IFCBOOLEAN(.T.),$);
#147=IFCPROPERTYSINGLEVALUE('Last Modified',$,IFCDATETIME('2026-06-02T16:12:31.119Z'),$);
#148=IFCPROPERTYSINGLEVALUE('Federation GUID',$,IFCTEXT('299ddab9-9028-4624-9a92-5a386d407f4f'),$);
#149=IFCPROPERTYSINGLEVALUE('User Label',$,IFCTEXT('Smart Solid'),$);
#150=IFCPROPERTYSINGLEVALUE('Origin',$,IFCTEXT('4.9999999999999991,-0.49974596215561545,0.49999999999999956'),$);
#151=IFCPROPERTYSINGLEVALUE('Yaw',$,IFCREAL(-60.),$);
#152=IFCPROPERTYSINGLEVALUE('Pitch',$,IFCREAL(0.),$);
#153=IFCPROPERTYSINGLEVALUE('Roll',$,IFCREAL(0.),$);
#154=IFCPROPERTYSINGLEVALUE('Bounding Box Low',$,IFCTEXT('2.4841240175987882e-15,-0.69282032302754937,0'),$);
#155=IFCPROPERTYSINGLEVALUE('Bounding Box High',$,IFCTEXT('10.000000000000005,1.339745962155614,4'),$);
#156=IFCPROPERTYSET('3_j_MX7D179OAtw7YTtWd$',#6,'[Generic].[PhysicalObject]',$,(#146,#147,#148,#149,#150,#151,#152,#153,#154,#155));
#157=IFCRELDEFINESBYPROPERTIES('1WrFoN3352LAYVfa1wSvWJ',#6,$,$,(#145),#156);
#158=IFCCARTESIANPOINTLIST3D(((1.12433989644489,-1.28715720098934,0.358944594177487),(1.08302796724432,-1.19044237238535,0.404968329404308),(1.09202339311441,-1.21335870553043,0.401488116538896),(1.10863721647561,-1.25283628028497,0.385033298716573),(1.13981934107788,-1.31761236202909,0.321330164798321),(1.14027855126045,-1.31850801995238,0.320186764505202),(1.09182277213732,-1.21288199228701,0.40168681743739),(1.0966059495583,-1.11589004736322,0.0153182233901763),(1.08922893596758,-1.09729741888153,0.0188791928871193),(1.0863186007099,-1.090503715291,0.0221906535521126),(1.11608281060497,-1.16672388330154,0.012063752152633),(1.10673316300451,-1.14141413171586,0.0104297007207395),(1.13196469715833,-1.30229241850813,0.340887662652083),(1.14646890101537,-1.32852635389148,0.29753379060351),(1.07369394188228,-1.16637823566928,0.407575068688694),(1.07503248160811,-1.17004218604938,0.407951599882248),(1.15291157929227,-1.33852925032104,0.272464836830892),(1.03932828120792,-1.06615444269348,0.376228407607471),(1.04509493758243,-1.08497509204742,0.388542278670536),(1.0759723954738,-1.06635218447492,0.0339628545660364),(1.12546030842773,-1.2896060549999,0.357083122298829),(1.06443919837101,-1.14104546417847,0.404971709555535),(1.046767379973,-1.08992369291096,0.390318211390773),(1.0325673862458,-1.04357914150864,0.359996152905359),(1.03356162483342,-1.04733379333953,0.363914536544402),(1.02361508278057,-1.00780770648763,0.317797641430557),(1.02519333942498,-1.01573172264779,0.330934371582242),(1.12494231194996,-1.19097970487008,0.014573315110304),(1.04834063744053,-1.00826491979275,0.0879948989425667),(1.04098013315289,-0.994427549878543,0.108149174967356),(1.10707688214547,-1.14228042296115,0.0102637835292576),(1.12403045080379,-1.1882949882546,0.013652206141813),(1.02942066319611,-0.977369086369105,0.156258128446979),(1.16205490589938,-1.31676311390796,0.110230595673472),(1.15991819766158,-1.30542190823197,0.090285363876788),(1.16447991317641,-1.32988232987665,0.133739638013322),(1.16447613296139,-1.32961448669374,0.132831685578825),(1.1521968323015,-1.33779631935008,0.276572991444729),(1.02743275146648,-1.02418865906779,0.339760095723124),(1.02002227408945,-0.984810550206258,0.27042867048196),(1.02044121778953,-0.991872555783084,0.291379753013763),(1.0406369890699,-0.993910697144992,0.109540417838951),(1.05656501564288,-1.02408275426839,0.0667305108888381),(1.05515131284016,-1.02106863964499,0.0693461451948458),(1.07156473759012,-1.05606322511491,0.0389780106955842),(1.14516974404119,-1.25248384929913,0.0418744297802633),(1.13906554250526,-1.23256155304415,0.0288397792349793),(1.15939393364178,-1.30341953991956,0.0881398326684106),(1.16459129203173,-1.33777396220124,0.160491212212226),(1.16398419142106,-1.34398107803187,0.188034429901049),(1.16467242425371,-1.34352250094989,0.179977986879972),(1.05540452298072,-1.11548019254733,0.39948981871385),(1.05917151379642,-1.12662636661503,0.403489910007968),(1.02084225911731,-0.993886079992508,0.294717848703931),(1.03476761881795,-0.985070095749338,0.133337184062476),(1.02990722462141,-0.977749240892194,0.153043159232607),(1.13255594768308,-1.21339589668027,0.0222641660540415),(1.155016561833,-1.28670065349896,0.0702255996262386),(1.15127394557712,-1.2724061455541,0.0549090803255452),(1.16153753235728,-1.34561131379052,0.216674983510505),(1.06607608562861,-1.04436102992363,0.0491331199141536),(1.01959771982038,-0.976982873026046,0.246833435441294),(1.15772023400964,-1.34346024270935,0.244826109674698),(1.16049521434164,-1.34630582171201,0.228876342272407),(1.01956144803448,-0.977042546606797,0.247383080564322),(1.02260145877503,-0.972041184752227,0.201316226233784),(1.40744008551368,-1.25038195283724,0.573843839494972),(1.41966168619438,-1.27778796462739,0.549147178280443),(1.39361057826646,-1.21792514720497,0.595636322708341),(1.42411641265427,-1.28777735055738,0.540145340218659),(1.43254316849399,-1.30545101504154,0.518312087300198),(1.44269256306691,-1.3263837308847,0.490702441019875),(1.44500207567526,-1.33067103161959,0.482708690535387),(1.43945626279402,-1.31995003596134,0.500400646744348),(1.45585834978251,-1.35082425000428,0.445132646961932),(1.45653142466884,-1.35188308214567,0.442156856297461),(1.46665929287932,-1.36781550304389,0.397379646087975),(1.47481922617241,-1.3770206490907,0.349465074432727),(1.46704614672715,-1.3684240731992,0.395669292467193),(1.4691027376183,-1.37117493347577,0.384982422444195),(1.47748792742363,-1.37974967905869,0.332884057925682),(1.48113324156229,-1.38031828054694,0.300140467292771),(1.48430039259856,-1.37993794289659,0.2689075200086),(1.48526223366661,-1.37707373474428,0.250661070297543),(1.48343011793278,-1.38067655071871,0.279509054813814),(1.4870733422193,-1.37168054448278,0.21630372974977),(1.48709246734745,-1.36738745063745,0.202392634895864),(1.48714367060619,-1.35589365079457,0.165148785679788),(1.48686583112814,-1.35234848539576,0.156410306020647),(1.48406789732097,-1.33112990213985,0.114567909753279),(1.4868360164764,-1.35196805755845,0.155472589286983),(1.4793956924109,-1.30601116404132,0.0772866026503212),(1.48363890088862,-1.327900455057,0.108228601146478),(1.47623034266596,-1.29060472215078,0.0570692192901188),(1.47322613292925,-1.27825305974213,0.0448445849111034),(1.47770426753648,-1.29728566975993,0.0649525242765843),(1.46720805322084,-1.25351001733793,0.0203560070331905),(1.45752653466781,-1.21831696326862,-0.00539296516901722),(1.45313069012591,-1.20286995659372,-0.015556464967329),(1.43901185577476,-1.1569759583068,-0.0377287998414024),(1.45567443739257,-1.21158444923251,-0.0103188041264852),(1.43650803427563,-1.14944231405059,-0.0400170192433456),(1.42330739525023,-1.10972346092677,-0.0520809616396019),(1.42290262125113,-1.10850555329461,-0.0524508808684518),(1.41950489531798,-1.09870338745512,-0.0544381919862138),(1.40811066339903,-1.06711418703237,-0.0577501627858006),(1.39151943765735,-1.0228353751524,-0.0581055256717344),(1.40165523671568,-1.04921725736085,-0.0596265669898044),(1.38262464116502,-0.999683626387626,-0.0567707169504084),(1.37866276459463,-0.989745092277752,-0.0552028807386906),(1.35903253906465,-0.942257010607348,-0.0428006809768666),(1.37376250981805,-0.977890735399334,-0.0521069438871142),(1.35525522304813,-0.933659155064175,-0.0389533843868788),(1.35284124872353,-0.92816451219158,-0.0364946874849836),(1.33925115980544,-0.897231007865922,-0.0226528213230208),(1.33507609025376,-0.88808463850813,-0.0174031753724775),(1.31844064909631,-0.853053232384559,0.00762503107912593),(1.3365677050444,-0.891352334925135,-0.0192787009052973),(1.31601194207402,-0.84793878899543,0.0112790478370215),(1.30142864222116,-0.819349955061475,0.039692724457872),(1.2979138261089,-0.812459573929922,0.0465408897841915),(1.29400476246023,-0.805172271268583,0.0553613466658165),(1.28609014739171,-0.791237856464168,0.0759751580167842),(1.27793967534677,-0.77688819355035,0.0972032647157275),(1.27262216877317,-0.768589782720382,0.11478558860173),(1.26387322989968,-0.754936336675033,0.143713935901984),(1.26110529366968,-0.751162788136726,0.154860590160307),(1.25742666169152,-0.74614768115062,0.169674673794085),(1.25225139656113,-0.740473035368131,0.195704476023572),(1.24729320326163,-0.735036407487833,0.220642481661943),(1.23997965506303,-0.731266744248429,0.273660547797652),(1.2363282403781,-0.733741689063121,0.316886376541815),(1.23522237355132,-0.740373677986105,0.352584362586863),(1.23470105189334,-0.74350009373284,0.369412910854061),(1.23546185220419,-0.751807631518581,0.394216609390348),(1.23626357524668,-0.760562023931731,0.420354475492732),(1.23692794641234,-0.764651144509869,0.429843503653516),(1.2376607468376,-0.768149665907607,0.436390384908747),(1.24217532964644,-0.789703098485056,0.476723928050269),(1.24237056390671,-0.790450068998836,0.477740751529419),(1.24982024398599,-0.818952706541798,0.516540343396453),(1.25037396338693,-0.821071248978201,0.519424237273345),(1.25210284721414,-0.827183502654893,0.526404258209645),(1.25986383884474,-0.853065391549116,0.551258012907988),(1.2633338282575,-0.864637350999657,0.562370286928572),(1.2719699613031,-0.891418332076364,0.581275323222828),(1.27953770441891,-0.914622758540545,0.596642799520236),(1.27690632641359,-0.906726190340459,0.592081335715092),(1.28591522675764,-0.933245211570331,0.605229401430713),(1.29226876896222,-0.951797642278244,0.613783716842637),(1.29520566788706,-0.960373427571655,0.617737914190669),(1.31237976997235,-1.00860112909388,0.63123646600929),(1.31587649289751,-1.01822179956522,0.632946373872198),(1.30122650043029,-0.977280914983139,0.622470186053997),(1.31729810496967,-1.02205986699122,0.633248126410471),(1.33372902168015,-1.06642004614306,0.636735766196751),(1.33408166774246,-1.06737211977214,0.636810619137648),(1.34995168177229,-1.1089321998398,0.633223815795118),(1.36547058163243,-1.14853928372098,0.624242224082838),(1.35287147525722,-1.11657849749189,0.632563909319196),(1.35650486379536,-1.12592104573423,0.630817695553315),(1.3752261349992,-1.17315007693933,0.61708748600077),(-2.70870136287536,4.12676337615473,-2.),(-2.91267239944741,3.78021931550099,2.),(-2.47742327850134,3.51072446941854,2.),(-2.19581583466605,3.80365051272861,-2.),(-2.42028676745623,3.4702783706891,2.),(-1.99483450968133,3.1691069531861,2.),(-1.70345005265938,3.4500555123865,-2.),(-0.787432539656508,2.65672352295916,-2.),(-1.06800326453139,2.36994347678925,2.),(-0.685641413603868,1.97561975030274,2.),(-0.367146746958481,2.21990165993698,-2.),(0.390262811601446,1.27396588506706,-2.),(0.0630961891241615,1.04310031209529,2.),(0.381957484082102,0.56189033491841,2.),(0.724603449625319,0.768327847214124,-2.),(0.675256825620421,0.0538809735475452,2.),(1.02769315893511,0.243361071438286,-2.),(0.818598232258555,0.415457605991906,-1.00496280979001),(0.79395427047898,0.458389711785292,-1.00496280979001),(0.769095957113741,0.50119806163298,-1.00496280979001),(0.384290704683023,0.55784907829235,2.),(0.552574491088873,0.37474166737783,1.502481404895),(0.576803231630028,0.333017501051042,1.502481404895),(0.60082304935018,0.291172713077296,1.502481404895),(0.677590046221337,0.0498397169214915,2.),(1.29841822582353,-0.299005433534353,-2.),(0.934899463532079,-0.466907253384134,2.),(1.90707379188607,-2.01029834458863,-2.),(1.73891785792943,-1.42790923975137,-2.),(1.36811618517851,-1.58159275721899,2.),(1.35725931882296,-1.55078320771427,2.),(2.19615005380765,-3.80345755121725,-2.),(2.13611069186356,-3.20025877587423,-2.),(1.74710987392839,-3.31213083832295,2.),(1.73780378821918,-3.25218003731395,2.),(2.21953123771955,-4.40918587959298,-2.),(1.80166493695343,-3.90087372981836,2.),(1.79520584349231,-3.83116901040497,2.),(0.0258997911982322,1.75841720039257,-2.),(-0.165661161532785,1.68399193224741,-0.0414289850037011),(-0.143452519727321,1.65492053404723,-0.0317443662715651),(-0.17211911969703,1.69222582345897,-0.0431957009384032),(-0.168812780931333,1.68801024432189,-0.0422911795348402),(-0.205128660903298,1.73324852830276,-0.047211459666437),(-0.196882617606491,1.72300073363696,-0.0462082915177502),(-0.134485395771443,1.64318245328051,-0.0278340336453204),(-0.226666106613595,1.75891142680056,-0.044656433151018),(-0.239158399089868,1.77379659183524,-0.043174449681642),(-0.280204598748387,1.82046324996428,-0.0276702179613828),(-0.25756888162531,1.79484666649101,-0.0367877958186891),(-0.246408936789952,1.78221708392123,-0.0412829777193271),(-0.313230138940587,1.85620670124663,-0.00636709437647554),(-0.288792919139386,1.82975836549325,-0.0221303221834035),(-0.320615408346359,1.86396765238991,-0.000427877347506378),(-0.319511411327941,1.86280749607719,-0.00131570926418689),(-0.351240826306777,1.89515755645039,0.0294313288667762),(-0.34832490203173,1.8921878860118,0.0265883575693251),(-0.379336222069193,1.92214640866903,0.065755492457416),(-0.374552060045807,1.91755067195362,0.0595701129934234),(-0.409528756086804,1.94879169902282,0.118595831535909),(-0.397383037610124,1.9381958087211,0.0966045336963766),(-0.385842649649666,1.92812800704243,0.075709260245949),(-0.429192984747568,1.96404692102985,0.165984923692483),(-0.41675147018571,1.95439497535636,0.136001948498765),(-0.443841911444196,1.97284076204728,0.217866142709334),(-0.437477353598682,1.96960358318956,0.191515992311917),(-0.432635306604735,1.96635582590227,0.176593596136336),(-0.457329786248089,1.97623271088644,0.296590488913588),(-0.449941752812171,1.97594329925272,0.243120330250399),(-0.664387994231395,1.95081265348098,2.),(-0.459310386717671,1.97005893041008,0.352300529718091),(-0.455723616423543,1.95806978534891,0.404682915125377),(-0.457679506650258,1.9646075476612,0.376118444231372),(-0.446805243662265,1.9402973890243,0.455017185382572),(-0.453335787148546,1.95331135582744,0.418159548954541),(-0.444587042019559,1.93640715769758,0.463983471717397),(-0.445379263166057,1.93779653703193,0.460781201237),(-0.429795897000794,1.912528659415,0.509722753315363),(-0.43234569532491,1.91664499759072,0.501837904413071),(-0.410332468686396,1.88383358818422,0.550874602744623),(-0.415221787498308,1.89104194579273,0.54053703485528),(-0.382727474036406,1.84558857027051,0.591194190930544),(-0.393971157563599,1.86110574087823,0.575226392326468),(-0.406704842695602,1.87867923129001,0.557142557150591),(-0.355271264371566,1.80914799303806,0.618705644913045),(-0.369172247998502,1.82759773077127,0.604776691279881),(-0.31996623256333,1.76377366226475,0.641419579018523),(-0.341540898115608,1.79143830460397,0.628095892039405),(-0.350243988161556,1.80259805457941,0.622721197018417),(-0.287718796303824,1.72339739380805,0.652382713477822),(-0.311870124869171,1.75363671323466,0.644172006111758),(-0.300953503475758,1.52661010787922,2.),(-0.281125061520542,1.71524822172278,0.653606473126761),(-0.281323756187142,1.71549378771591,0.653569596527469),(-0.247912590380109,1.67470666588634,0.654851552139424),(-0.250709758396299,1.67812109243813,0.65474669107151),(-0.286892299945136,1.50799006519274,2.),(-0.221140569426149,1.64269428181497,0.649369440869809),(-0.214381566031284,1.63461226914255,0.647985398598736),(-0.179530314873185,1.59392889681458,0.631548302946059),(-0.193340822349292,1.61000961829847,0.638438644661372),(-0.207977989361539,1.62705288817428,0.645741423551502),(0.0553633396975326,1.05477035281501,2.),(-0.175404149402447,1.58912445947974,0.629489675475889),(-0.0977776451960959,1.50341614605747,0.551650025886214),(-0.100628195977987,1.50646382343401,0.555287133868242),(-0.125146393756994,1.53267754927223,0.586570678582986),(-0.144165316647193,1.55369175075956,0.605653094738132),(-0.07343859994055,1.47876599292376,0.510819897074722),(-0.0801799315844915,1.4855934939865,0.522128863243822),(-0.0483232159292921,1.45563281872625,0.45337412998983),(-0.0613252598631182,1.46744348745866,0.48418934146778),(-0.0679930473629353,1.47350030665873,0.499992186231469),(-0.0327932418874344,1.44366732286884,0.403049945005705),(-0.0447404289266933,1.45287236188827,0.441764269252681),(-0.0299791566075176,1.44187329942028,0.39161710739599),(-0.030971314006536,1.44250581530429,0.395647964068036),(-0.0201021155097605,1.43764633127943,0.338844364686279),(-0.0215604156715963,1.43827042388599,0.34663601994744),(-0.0150391693380096,1.43988496690284,0.285022118874863),(-0.0161262580158814,1.439404299055,0.296578543149255),(-0.014621935005521,1.44112108979517,0.27420239503349),(-0.0155431923942686,1.45100837223841,0.221460527923153),(-0.0150983982935,1.44623467385931,0.246924933029478),(-0.0214443038898402,1.46709559320794,0.170408102760234),(-0.0181394048384251,1.45808599537844,0.198999853927794),(-0.0347406705757622,1.49358475978904,0.114076677066872),(-0.0248788137236788,1.47426412075097,0.153910101443994),(-0.0231417825256433,1.47086105444424,0.160926214322679),(-0.0509915759525947,1.52150731287349,0.0714024210755952),(-0.0489371379829997,1.5179773462695,0.0767972966102088),(-0.0352318601504118,1.49442872919595,0.112786832029762),(-0.0757182067496638,1.56019084763687,0.0279552176528575),(-0.0649802325323092,1.54350455336655,0.0461974493389268),(-0.0545813405087303,1.52734517647866,0.0638636304763303),(-0.100704865539005,1.59665093981538,-0.00177087197115866),(-0.100296836250442,1.596055550668,-0.00128544831754818),(-0.128414619432532,1.63485918347185,-0.0233461333182823),(-0.105919057125329,1.60401689508436,-0.00671599644628018),(0.941139590545233,-0.479439117791086,2.),(1.1625115551389,-1.002451052499,2.),(1.17160638335962,-1.02393843330754,2.),(1.5357838615906,-0.856778723065923,-2.),(-1.23341323209287,3.06727767228901,-2.),(-1.60417637177955,3.24618151651684,-1.00496380984089),(-1.41266897594365,3.08938847933057,-1.00496280979001),(-1.94756863588492,3.13107224604762,2.),(-1.76059835815798,3.05021205865913,1.50245985812343),(-1.53419133696147,2.79842877118099,2.),(-1.57393408204535,2.89738241054216,1.502481404895),(-1.46271066510826,2.80252033598101,1.502481404895),(-1.49625471629996,2.76384497188063,2.),(-1.0972411376781,2.40009603271444,2.),(-1.39115936033576,2.73992176649361,1.50245985812344),(-1.22515389365655,2.92784209873107,-1.00496380984089),(-1.29904159012652,2.99149719137734,-1.00496341578483),(2.03963376861664,-2.60180602850082,-2.),(1.92300868894237,-2.52493544481751,-1.0049638098409),(1.51842962416701,-2.10988969680352,2.),(1.67726217399752,-2.57474023001008,1.50245985812343),(1.64543259962053,-2.67771708078836,2.),(1.69569847302793,-2.66800476236072,1.50248140489501),(1.5299235670139,-2.15028671566379,2.),(1.65641473804326,-2.72786305766513,2.),(1.76126195064944,-3.04982893335554,1.50245985812344),(1.72223973098503,-2.81175810420449,1.50248140489501),(2.0091874727093,-3.01234824837026,-1.0049638098409),(1.96915441728742,-2.76810145997063,-1.00496280979001),(1.94119176801932,-2.62075161331078,-1.00496341578483),(1.81742975937677,-4.41255794857373,2.),(1.81987298107781,-4.49185842870421,2.),(-2.78012701892219,4.16839560914018,-2.),(-2.98012701892219,3.82198544762641,2.),(2.21987298107781,-4.49185842870421,-2.),(-3.18012701892219,3.47557528611263,-2.),(-3.18012701892219,3.47557528611263,1.988),(1.41987298107781,-4.49185842870421,-2.),(1.41987298107781,-4.49185842870421,1.988),(0.471102203178542,-0.422802478689398,-2.),(-1.71414552000155,2.42506780010239,-2.),(-2.17952187204196,2.80699230197516,-2.),(-1.27474463200595,2.01352395821203,-2.),(-0.863200790115598,1.57412307021643,-2.),(-0.481276288242825,1.10874671817602,-2.),(-0.130606585738774,0.619387715076132,-2.),(0.187306695894646,0.10814157129579,-2.),(0.719564680181648,-0.971170850945383,-2.),(1.10639058293724,-2.11072321376102,-2.),(1.24309756078753,-2.69702746615583,-2.),(0.931630172432781,-1.53461534791512,-2.),(1.40017507487296,-3.8901496397869,-2.),(1.34116570571686,-3.29101746027974,-2.),(-2.66888087514185,3.15766200447921,-2.),(1.40242360545861,-3.92549809227194,1.988),(1.3991568321557,-3.89024399386984,1.988),(1.35014167005962,-3.36128615458884,1.988),(1.3392794033034,-3.2913102685765,1.988),(1.2632254981697,-2.80136286479176,1.988),(1.24050026593226,-2.69759628250764,1.988),(1.1420047925999,-2.24785220370714,1.988),(1.10324303804863,-2.1116187674944,1.988),(0.986939385007649,-1.70285382686421,1.988),(0.928093591514612,-1.53586159094696,1.988),(0.798617491597883,-1.1684350997824,1.988),(0.715797580547865,-0.97276532745999,1.988),(0.577753481817427,-0.646623255745798,1.988),(0.467257301801819,-0.424717012087198,1.988),(0.325185168507027,-0.139397705812912,1.988),(0.0418706297902598,0.35131746976747,1.988),(0.183527899148646,0.105959881977273,1.988),(-0.271115425244951,0.823660820251707,1.988),(-0.134187070986023,0.617015199507744,1.988),(-0.612585733286024,1.27584058552158,1.988),(-0.484540695227103,1.10628155245188,1.988),(-0.981244980492129,1.70614149284413,1.988),(-0.866048358699538,1.57168342281467,1.988),(-1.37569471606327,2.11293126348866,1.988),(-1.27709397673381,2.01124588124564,1.988),(-1.79443865704317,2.49466680451911,1.988),(-1.71593677683995,2.42310288495251,1.988),(-2.23588836423304,2.849900062274,1.988),(-2.18071860267213,2.80550512031426,1.988),(-2.69836926768554,3.1772835153301,1.988),(-2.66947170953325,3.15682735746031,1.988),(1.74055593018979,-3.03276251220673,1.48059058671039),(1.70460261947388,-2.81487649750092,1.48059058671038),(1.98454965005106,-2.99588537657428,-0.987052106322723),(1.94759794766269,-2.77191282955515,-0.987052140366238),(1.90550967327651,-2.54884847272774,-0.987052106322724),(1.6636635417791,-2.59787200935998,1.48059058671039),(0.707781522035765,0.408637852274791,-1.01491318169211),(0.732177802711396,0.366137230325308,-1.01491318169211),(0.514402619803021,0.241852337410698,1.4925310329929),(0.490630483186812,0.283265641540542,1.4925310329929),(0.683173044088695,0.451015962072476,-1.01491318169211),(0.466651578063826,0.324559567817325,1.4925310329929),(-1.58545324561463,2.88366742057234,1.48059058671039),(-1.41799138499672,2.73971089521069,1.48059058671039),(-1.25461269114114,2.92464402057832,-0.987052106322722),(-1.42674795363943,3.0726257138119,-0.987052140366237),(-1.60223801791411,3.21661310030288,-0.987052106322722),(-1.75617141412125,3.02374690835537,1.48059058671039),(-0.411960948174897,1.4339281500466,0.380690750221217),(-0.385911610635135,1.40794361376641,0.353279873752486),(-0.373760868200787,1.39703913820634,0.33465953427041),(-0.384052947656476,1.40608957446396,0.351324062737054),(-0.36133224152048,1.3861099091789,0.314535592941839),(-0.351479618404822,1.37915858855476,0.290365275404096),(-0.360605620175787,1.38547094790855,0.313359076365646),(-0.342119592731254,1.37306336397226,0.264963373107362),(-0.343035327996244,1.37331776177382,0.269089108930608),(-0.3359587347511,1.3713518335925,0.237206363584604),(-0.33164205330041,1.37196718226388,0.209051925478875),(-0.33240342443501,1.37036414297618,0.221188337748276),(-0.329854867854694,1.37573003634871,0.180563822390424),(-0.331300415670922,1.3831596244319,0.15335651985663),(-0.329352141618748,1.37678850819057,0.172550262930635),(-0.334065795727605,1.39220278639,0.126112922247386),(-0.333975019280558,1.39190593528968,0.127007221383506),(-0.340543311463136,1.40467195039571,0.104104034797779),(-0.346259653168464,1.41567586071359,0.0846814156405715),(-0.347408189531308,1.417502237577,0.0826240271106302),(-0.365197130228792,1.44578981363084,0.0507584599986126),(-0.356997958247349,1.43275167353313,0.0654457463008606),(-0.377465708737702,1.4632576957401,0.0385758348591976),(-0.389734287246613,1.48072557784936,0.0263932097197821),(-0.402140604084781,1.49702533123648,0.020619368767441),(-0.416651058233714,1.51608955692473,0.0138662723009348),(-0.432940696611539,1.53622644383633,0.0123539835340871),(-0.41838892957607,1.51837281912643,0.0130574752294681),(-0.450037789152846,1.55715497208158,0.0117575845189428),(-0.449430141226822,1.55645741338926,0.0115568166113333),(-0.467941302555362,1.57770758299687,0.0176729357786818),(-0.480982842796764,1.59267881776467,0.0219818828418359),(-0.485951679447933,1.59797915025888,0.025560621349848),(-0.503615831246955,1.6168217656105,0.0382829917340017),(-0.520150462805484,1.63360221482599,0.0543050784000214),(-0.511141057758406,1.62484903746608,0.0437029360365999),(-0.535762507900262,1.64877025299848,0.0726771156004906),(-0.548703497486314,1.65996401898211,0.0945231421328181),(-0.538083045120558,1.65102479408675,0.0754078914775471),(-0.560674688709726,1.66993173616106,0.116589734200625),(-0.560181343747956,1.66962491152356,0.115181575570304),(-0.569113197156016,1.6751798738654,0.140675839089684),(-0.576685794328785,1.67956603097071,0.163842249456426),(-0.576101080986682,1.67952582870311,0.160621414065316),(-0.584880607152481,1.68012946955563,0.208982562265338),(-0.58611752689073,1.67221828345876,0.25416156434424),(-0.583167049309304,1.66379161471812,0.277366603214412),(-0.586132463371098,1.67212275157245,0.254707125431757),(-0.579435717931247,1.65428119423171,0.301212585336451),(-0.580471148055674,1.6562176564709,0.29796666556251),(-0.572276692285257,1.64089237879572,0.323655068279789),(-0.563327184706592,1.62557794917015,0.344883213736348),(-0.56820186418024,1.63327163204479,0.336429049651833),(-0.552150278313504,1.60793749223901,0.364267339629185),(-0.538395891360519,1.58801974700906,0.37952972088152),(-0.549986052014308,1.60452170441029,0.368020760617854),(-0.526805730706729,1.57151778960782,0.391038681145186),(-0.523610306813101,1.56730255990283,0.392607360767453),(-0.507107894954141,1.54553347417666,0.400708632480734),(-0.490226015512839,1.52406942756265,0.405130899960511),(-0.4999105573792,1.53603913722712,0.404241909180234),(-0.473211338622396,1.50303996171658,0.406692759168074),(-0.47075045778736,1.49999841060134,0.406918655282098),(-0.456534550623084,1.48349350139999,0.403111917624006),(-0.440552205425083,1.46496380220719,0.398707058626769),(-0.440897460448018,1.46533857463167,0.398924615375579)),$);
#159=IFCTRIANGULATEDFACESET(#158,$,$,((1,2,3),(3,4,1),(2,5,6),(2,7,3),(8,9,10),(11,12,8),(2,13,5),(1,13,2),(14,15,16),(17,18,19),(8,20,11),(1,21,13),(14,22,15),(19,23,17),(17,24,25),(17,26,27),(28,29,30),(11,31,12),(20,28,32),(33,34,35),(33,36,37),(22,14,38),(16,2,14),(25,18,17),(27,39,17),(17,40,41),(30,42,28),(28,43,44),(28,20,45),(32,11,20),(33,46,47),(35,48,33),(33,49,36),(33,50,51),(6,14,2),(17,52,53),(39,24,17),(41,54,17),(28,55,56),(44,29,28),(10,20,8),(47,57,33),(33,58,59),(37,34,33),(33,60,50),(53,22,17),(54,26,17),(42,55,28),(45,61,28),(59,46,33),(51,49,33),(62,63,64),(23,52,17),(17,62,65),(61,43,28),(48,58,33),(62,17,63),(65,40,17),(60,33,66),(57,28,33),(38,17,22),(56,33,28),(66,62,60),(64,60,62),(4,67,68),(4,69,67),(70,71,21),(1,68,70),(71,13,21),(13,72,73),(13,71,74),(74,72,13),(75,6,5),(6,75,76),(76,14,6),(77,38,14),(77,17,38),(78,63,17),(17,77,79),(79,80,17),(63,81,82),(63,78,81),(82,60,64),(60,83,84),(60,82,85),(85,83,60),(50,86,87),(50,84,86),(87,49,51),(49,88,89),(49,87,88),(90,37,36),(36,89,91),(90,34,37),(92,35,34),(34,90,93),(92,48,35),(48,94,95),(48,96,94),(48,92,96),(97,98,59),(58,95,97),(98,46,59),(99,100,47),(46,101,99),(46,98,101),(47,100,102),(102,57,47),(103,28,57),(104,105,32),(28,103,104),(106,11,32),(32,105,106),(107,12,31),(31,106,108),(31,108,107),(31,11,106),(109,8,12),(12,107,109),(109,110,8),(111,10,9),(9,112,111),(111,113,10),(20,114,115),(10,113,114),(114,20,10),(116,117,61),(45,118,116),(61,45,116),(43,61,117),(117,119,43),(29,44,120),(120,121,29),(121,122,29),(122,123,29),(124,42,30),(30,123,124),(124,125,42),(55,42,125),(125,126,55),(33,56,127),(127,128,33),(128,129,33),(66,33,129),(129,130,66),(130,131,66),(56,55,127),(126,127,55),(30,29,123),(44,43,120),(119,120,43),(45,20,118),(115,118,20),(9,8,112),(110,112,8),(32,28,104),(57,102,103),(47,46,99),(59,58,97),(95,58,48),(34,93,92),(36,91,90),(89,36,49),(87,51,50),(84,50,60),(82,64,63),(17,80,78),(14,76,77),(5,73,75),(73,5,13),(21,1,70),(68,1,4),(62,66,131),(131,132,62),(40,65,133),(133,134,40),(134,135,40),(54,136,137),(54,41,135),(135,136,54),(137,138,54),(138,139,26),(26,54,138),(140,141,39),(39,27,140),(24,142,143),(24,39,141),(141,142,24),(18,25,144),(144,145,18),(145,146,18),(19,18,146),(147,23,19),(19,148,147),(147,149,23),(52,150,151),(52,23,149),(149,150,52),(22,152,153),(152,22,53),(53,154,152),(153,155,22),(155,156,15),(156,157,16),(158,2,16),(16,157,158),(159,3,7),(7,158,160),(160,161,7),(7,161,159),(7,2,158),(3,162,69),(3,159,162),(69,4,3),(16,15,156),(15,22,155),(53,52,154),(151,154,52),(146,148,19),(25,24,144),(143,144,24),(27,26,140),(139,140,26),(41,40,135),(65,62,133),(132,133,62),(163,164,165),(165,166,163),(166,167,168),(168,169,166),(170,171,172),(172,173,170),(174,175,176),(176,177,174),(178,179,180),(179,177,181),(177,182,181),(181,180,179),(183,184,182),(183,178,185),(178,186,185),(185,184,183),(182,177,183),(179,178,187),(187,188,179),(187,189,188),(190,191,192),(191,193,192),(194,195,196),(195,197,196),(198,194,199),(194,200,199),(201,202,203),(201,204,205),(201,206,207),(207,204,201),(205,202,201),(203,208,201),(201,173,209),(173,210,209),(173,211,212),(212,213,173),(213,210,173),(173,214,215),(173,216,217),(173,218,219),(219,216,173),(217,214,173),(173,220,221),(173,222,223),(223,224,173),(224,220,173),(173,225,226),(173,227,228),(228,229,173),(229,225,173),(173,230,231),(231,227,173),(226,222,173),(221,218,173),(215,211,173),(209,206,201),(232,233,230),(232,234,235),(232,236,237),(232,238,239),(232,240,241),(241,238,232),(239,236,232),(237,234,232),(232,242,243),(232,244,245),(245,246,232),(246,242,232),(243,240,232),(232,247,248),(232,249,250),(250,251,232),(251,247,232),(248,244,232),(235,233,232),(230,173,232),(232,252,253),(232,254,255),(255,256,232),(254,257,258),(258,255,254),(256,252,232),(253,249,232),(259,260,257),(259,261,260),(259,262,263),(263,264,259),(264,261,259),(257,254,259),(265,266,262),(262,259,265),(175,267,268),(268,269,175),(269,270,175),(175,271,272),(175,273,274),(274,275,175),(275,271,175),(175,276,277),(175,278,279),(175,280,281),(281,278,175),(279,276,175),(277,273,175),(175,282,283),(174,284,282),(174,285,286),(286,284,174),(282,175,174),(283,280,175),(174,287,288),(174,289,290),(290,291,174),(291,287,174),(288,285,174),(272,267,175),(174,292,293),(293,294,174),(294,289,174),(174,295,296),(296,297,174),(297,292,174),(174,298,299),(174,201,300),(300,301,174),(301,298,174),(299,295,174),(270,266,175),(188,115,114),(188,116,118),(188,119,117),(117,116,188),(118,115,188),(188,121,120),(188,124,123),(123,122,188),(122,121,188),(188,126,125),(188,128,127),(188,130,129),(129,128,188),(127,126,188),(189,132,131),(189,134,133),(133,132,189),(131,188,189),(189,136,135),(189,139,138),(138,137,189),(137,136,189),(135,134,189),(189,142,141),(141,140,189),(140,139,189),(189,145,144),(144,143,189),(143,142,189),(131,130,188),(125,124,188),(189,148,146),(302,303,150),(150,149,302),(147,189,302),(149,147,302),(147,148,189),(146,145,189),(120,119,188),(303,152,154),(156,303,304),(304,157,156),(156,155,303),(155,153,303),(153,152,303),(154,151,303),(304,193,160),(160,158,304),(193,162,159),(159,161,193),(161,160,193),(193,70,68),(68,67,193),(67,69,193),(193,74,71),(193,75,73),(73,72,193),(72,74,193),(193,79,77),(77,76,193),(76,75,193),(193,81,78),(78,80,193),(80,79,193),(193,85,82),(191,86,84),(84,83,191),(83,193,191),(83,85,193),(82,81,193),(71,70,193),(191,88,87),(191,91,89),(191,93,90),(90,91,191),(89,88,191),(87,86,191),(191,96,92),(191,97,95),(95,94,191),(94,96,191),(92,93,191),(191,101,98),(191,100,99),(99,101,191),(98,97,191),(191,104,103),(103,102,191),(191,305,108),(108,106,191),(106,105,191),(105,104,191),(102,100,191),(305,109,107),(305,111,112),(112,110,305),(110,109,305),(107,108,305),(305,114,113),(113,111,305),(69,162,193),(158,157,304),(306,169,307),(307,308,306),(309,310,307),(311,312,310),(311,313,312),(310,309,311),(311,314,313),(307,169,309),(314,315,316),(316,313,314),(171,170,317),(317,316,171),(306,318,317),(317,170,306),(319,190,320),(321,322,320),(323,324,322),(322,321,325),(322,325,323),(320,190,321),(326,197,327),(327,328,326),(324,323,326),(197,195,329),(329,327,197),(319,330,329),(319,331,330),(329,195,319),(198,332,333),(334,335,164),(164,163,334),(333,336,198),(328,324,326),(320,331,319),(315,171,316),(308,318,306),(151,150,303),(114,305,188),(265,175,266),(208,300,201),(199,332,198),(196,200,194),(192,321,190),(180,186,178),(176,183,177),(172,232,173),(168,309,169),(165,167,166),(337,338,335),(335,334,337),(339,336,333),(333,340,339),(179,188,341),(306,342,343),(170,344,342),(173,345,344),(201,346,345),(174,347,346),(177,348,347),(348,177,179),(188,305,349),(342,306,170),(345,173,201),(347,174,177),(349,341,188),(191,190,350),(190,319,351),(344,170,173),(341,348,179),(305,191,352),(351,350,190),(198,339,353),(346,201,174),(350,352,191),(194,353,354),(353,194,198),(166,169,343),(352,349,305),(319,195,354),(198,336,339),(163,166,355),(343,169,306),(354,195,194),(337,334,163),(354,351,319),(343,355,166),(355,337,163),(339,340,356),(356,353,339),(353,357,358),(358,354,353),(354,359,360),(360,351,354),(351,361,362),(362,350,351),(350,363,364),(364,352,350),(352,365,366),(366,349,352),(349,367,368),(368,341,349),(341,369,370),(370,348,341),(347,348,371),(348,372,371),(346,347,373),(347,374,373),(345,346,375),(346,376,375),(344,345,377),(345,378,377),(342,344,379),(344,380,379),(343,342,381),(342,382,381),(355,343,383),(343,384,383),(337,355,385),(355,386,385),(385,338,337),(383,386,355),(381,384,343),(379,382,342),(377,380,344),(375,378,345),(373,376,346),(371,374,347),(370,372,348),(368,369,341),(366,367,349),(364,365,352),(362,363,350),(360,361,351),(358,359,354),(356,357,353),(356,340,332),(340,333,332),(358,357,200),(199,200,357),(357,356,199),(326,360,359),(358,196,197),(197,359,358),(325,362,361),(361,323,325),(360,326,323),(192,364,363),(363,321,192),(362,325,321),(304,366,365),(365,193,304),(364,192,193),(302,368,367),(367,303,302),(366,304,303),(187,370,369),(369,189,187),(368,302,189),(183,371,372),(372,178,183),(370,187,178),(372,370,178),(176,175,374),(175,373,374),(374,371,176),(265,259,376),(259,375,376),(376,373,265),(254,232,378),(232,377,378),(378,375,254),(172,171,380),(171,379,380),(380,377,172),(315,314,382),(314,381,382),(382,379,315),(383,384,309),(311,309,384),(384,381,311),(165,385,386),(383,168,167),(167,386,383),(385,165,164),(164,338,385),(164,335,338),(386,167,165),(309,168,383),(314,311,381),(171,315,379),(232,172,377),(259,254,375),(175,265,373),(183,176,371),(369,368,189),(367,366,303),(365,364,193),(363,362,321),(361,360,323),(359,197,326),(200,196,358),(332,199,356),(328,327,387),(387,388,328),(327,329,389),(389,387,327),(330,390,389),(389,329,330),(390,388,387),(387,389,390),(390,391,392),(392,388,390),(388,392,324),(392,322,324),(324,328,388),(322,392,391),(391,320,322),(390,330,331),(331,391,390),(331,320,391),(180,181,393),(393,394,180),(186,395,396),(396,185,186),(394,395,186),(186,180,394),(181,182,397),(397,393,181),(182,184,398),(398,397,182),(185,396,398),(398,184,185),(393,396,395),(395,394,393),(397,398,396),(396,393,397),(399,312,313),(313,400,399),(313,316,400),(316,317,401),(401,400,316),(402,401,318),(401,317,318),(318,308,402),(402,399,400),(400,401,402),(402,403,404),(404,399,402),(312,399,404),(404,310,312),(310,404,403),(403,307,310),(308,307,403),(403,402,308),(405,269,268),(405,270,269),(406,267,272),(406,268,267),(272,407,408),(407,275,274),(407,272,271),(271,275,407),(409,273,277),(409,274,273),(277,410,411),(410,276,279),(410,277,276),(279,412,413),(281,414,412),(412,279,278),(414,280,283),(414,281,280),(283,415,416),(415,284,286),(415,283,282),(282,284,415),(417,285,288),(417,286,285),(288,418,419),(418,291,290),(418,287,291),(418,288,287),(289,420,421),(420,289,294),(294,422,420),(293,423,422),(293,424,423),(424,297,296),(424,292,297),(424,293,292),(295,299,425),(426,296,295),(299,427,425),(300,428,427),(427,298,301),(427,299,298),(427,301,300),(428,208,203),(203,429,428),(202,430,429),(429,203,202),(430,205,204),(207,431,432),(432,204,207),(209,433,434),(434,207,206),(434,206,209),(434,431,207),(210,435,433),(433,209,210),(210,213,435),(212,211,436),(211,215,437),(437,436,211),(215,214,438),(438,437,215),(439,440,217),(217,216,439),(216,219,439),(441,439,219),(219,218,441),(442,443,221),(221,220,442),(220,224,442),(224,223,442),(444,445,223),(223,222,444),(222,226,444),(446,444,226),(226,225,446),(447,448,229),(229,228,447),(228,227,447),(449,447,227),(227,231,449),(231,230,449),(448,446,229),(225,229,446),(445,442,223),(443,441,221),(218,221,441),(440,438,217),(214,217,438),(436,435,212),(213,212,435),(204,432,430),(202,205,430),(300,208,428),(425,426,295),(296,426,424),(422,294,293),(421,290,289),(290,421,418),(288,419,417),(286,417,415),(283,416,414),(412,278,281),(279,413,410),(277,411,409),(274,409,407),(272,408,406),(268,406,405),(450,449,230),(230,233,450),(451,452,235),(235,234,451),(234,237,451),(453,454,237),(237,236,453),(236,239,453),(455,453,239),(239,238,455),(456,457,241),(241,240,456),(240,243,456),(458,242,246),(458,456,243),(243,242,458),(459,460,245),(245,244,459),(244,248,459),(461,459,248),(462,461,247),(247,251,462),(251,250,462),(463,462,250),(250,249,463),(252,464,465),(465,253,252),(252,256,464),(255,258,466),(464,256,255),(258,257,467),(260,468,467),(467,257,260),(263,469,470),(470,260,261),(261,264,470),(470,264,263),(470,468,260),(469,266,270),(469,262,266),(469,263,262),(270,405,469),(467,466,258),(466,464,255),(465,463,253),(249,253,463),(248,247,461),(460,458,245),(246,245,458),(457,455,241),(238,241,455),(454,451,237),(452,450,235),(233,235,450),(459,462,463),(438,417,419),(438,414,416),(459,464,466),(463,464,459),(435,436,437),(431,433,435),(438,427,428),(438,426,425),(438,422,423),(438,415,417),(438,412,414),(466,468,459),(459,461,462),(469,455,457),(435,438,431),(425,427,438),(423,424,438),(438,421,420),(416,415,438),(438,410,413),(438,409,411),(438,406,408),(438,469,405),(459,468,470),(463,465,464),(457,456,469),(469,451,454),(469,450,452),(469,446,448),(469,442,445),(469,441,443),(469,438,440),(431,434,433),(438,430,432),(428,429,438),(420,422,438),(413,412,438),(438,407,409),(405,406,438),(466,467,468),(469,458,460),(469,453,455),(452,451,469),(469,447,449),(469,444,446),(443,442,469),(440,439,469),(432,431,438),(424,426,438),(419,418,438),(408,407,438),(460,459,469),(454,453,469),(448,447,469),(439,441,469),(429,430,438),(411,410,438),(456,458,469),(445,444,469),(418,421,438),(449,450,469),(470,469,459),(437,438,435)),$);
#160=IFCSTYLEDITEM(#159,(#51),$);
#161=IFCAXIS2PLACEMENT3D(#7,#9,#10);
#162=IFCSHAPEREPRESENTATION(#55,'Body','Tessellation',(#159));
#163=IFCREPRESENTATIONMAP(#161,#162);
#164=IFCCARTESIANTRANSFORMATIONOPERATOR3DNONUNIFORM($,$,#7,$,$,$,$);
#165=IFCMAPPEDITEM(#163,#164);
#166=IFCPRODUCTDEFINITIONSHAPE($,$,(#167));
#167=IFCSHAPEREPRESENTATION(#55,'Body','MappedRepresentation',(#165));
#168=IFCCARTESIANPOINT((7.7801270189,-2.38357442375,-0.394));
#169=IFCAXIS2PLACEMENT3D(#168,#9,#10);
#170=IFCLOCALPLACEMENT(#29,#169);
#201=IFCFOOTING('172sT4sZF3IQZKCvRL45oD',#6,'Extended Element','[Generic].[PhysicalObject]','<null>',#223,#219,'93',.STRIP_FOOTING.);
#202=IFCPROPERTYSINGLEVALUE('In Spatial Index',$,IFCBOOLEAN(.T.),$);
#203=IFCPROPERTYSINGLEVALUE('Last Modified',$,IFCDATETIME('2026-06-02T16:12:31.120Z'),$);
#204=IFCPROPERTYSINGLEVALUE('Federation GUID',$,IFCTEXT('44670b47-33da-49c3-a8d4-3396d5105c8d'),$);
#205=IFCPROPERTYSINGLEVALUE('User Label',$,IFCTEXT('Extended Element'),$);
#206=IFCPROPERTYSINGLEVALUE('Origin',$,IFCTEXT('-6.6241039478693944,-7.2109255055461894,0.69999999999999962'),$);
#207=IFCPROPERTYSINGLEVALUE('Yaw',$,IFCREAL(-60.),$);
#208=IFCPROPERTYSINGLEVALUE('Pitch',$,IFCREAL(0.),$);
#209=IFCPROPERTYSINGLEVALUE('Roll',$,IFCREAL(0.),$);
#210=IFCPROPERTYSINGLEVALUE('Bounding Box Low',$,IFCTEXT('-0.25500000000000278,11.525763452493246,-0.69999999999999973'),$);
#211=IFCPROPERTYSINGLEVALUE('Bounding Box High',$,IFCTEXT('10.254999999999997,15.272105048936782,-0.19999999999999971'),$);
#212=IFCPROPERTYSET('3QqKIEHY1C$ghs0HJIr6fg',#6,'[Generic].[PhysicalObject]',$,(#202,#203,#204,#205,#206,#207,#208,#209,#210,#211));
#213=IFCRELDEFINESBYPROPERTIES('0XSnjltbf7ufrtbAu$DFzl',#6,$,$,(#201),#212);
#214=IFCCARTESIANTRANSFORMATIONOPERATOR3DNONUNIFORM(#215,#216,#7,1.,#9,1.,1.);
#215=IFCDIRECTION((0.5,-0.866025403784439,0.));
#216=IFCDIRECTION((0.866025403784439,0.5,0.));
#217=IFCMAPPEDITEM(#83,#214);
#218=IFCSTYLEDITEM(#217,(#51),$);
#219=IFCPRODUCTDEFINITIONSHAPE($,$,(#220));
#220=IFCSHAPEREPRESENTATION(#55,'Body','MappedRepresentation',(#217));
#221=IFCCARTESIANPOINT((7.4797134969,-2.55701825156,-2.644));
#222=IFCAXIS2PLACEMENT3D(#221,#9,#10);
#223=IFCLOCALPLACEMENT(#29,#222);
#224=IFCWALL('1lfv6Omh3PI9WK0$4OizvF',#6,'Smart Solid','[Generic].[PhysicalObject]','<null>',#249,#245,'94',.RETAININGWALL.);
#225=IFCPROPERTYSINGLEVALUE('In Spatial Index',$,IFCBOOLEAN(.T.),$);
#226=IFCPROPERTYSINGLEVALUE('Last Modified',$,IFCDATETIME('2026-06-02T16:12:31.123Z'),$);
#227=IFCPROPERTYSINGLEVALUE('Federation GUID',$,IFCTEXT('9891a76f-b0c2-48d9-9814-03f118b3de4f'),$);
#228=IFCPROPERTYSINGLEVALUE('User Label',$,IFCTEXT('Smart Solid'),$);
#229=IFCPROPERTYSINGLEVALUE('Origin',$,IFCTEXT('-9.9999999999999947,-9.1600000000000037,0.49999999999999956'),$);
#230=IFCPROPERTYSINGLEVALUE('Yaw',$,IFCREAL(60.),$);
#231=IFCPROPERTYSINGLEVALUE('Pitch',$,IFCREAL(0.),$);
#232=IFCPROPERTYSINGLEVALUE('Roll',$,IFCREAL(0.),$);
#233=IFCPROPERTYSINGLEVALUE('Bounding Box Low',$,IFCTEXT('1.5404344466674055e-15,-0.69282032302754915,0'),$);
#234=IFCPROPERTYSINGLEVALUE('Bounding Box High',$,IFCTEXT('10.000000000000004,1.339745962155614,4'),$);
#235=IFCPROPERTYSET('16VOTRpMH6dvpBznR0qbsm',#6,'[Generic].[PhysicalObject]',$,(#225,#226,#227,#228,#229,#230,#231,#232,#233,#234));
#236=IFCRELDEFINESBYPROPERTIES('1204n6lDTD9QRlwFrnkJqo',#6,$,$,(#224),#235);
#237=IFCCARTESIANPOINTLIST3D(((0.552540886498393,1.61728551330431,0.358944594177487),(0.489439352604965,1.53315091883528,0.404968329404308),(0.504787766335153,1.55239935272917,0.401488116538896),(0.530669437271778,1.58652613319123,0.385033298716573),(0.571176107318673,1.64591868611283,0.321330164798321),(0.571722164742059,1.64676420275825,0.320186764505202),(0.504475231044568,1.55198725324477,0.40168681743739),(0.418086154067616,1.50763363394025,0.0153182233901763),(0.405672972274708,1.49194863852578,0.0188791928871193),(0.401244620008363,1.48603136246384,0.0221906535521126),(0.452371116838677,1.54991800836181,0.012063752152633),(0.435127052802236,1.52916610023054,0.0104297007207395),(0.561835969004749,1.63145639318033,0.340887662652083),(0.577303121559456,1.65713436987388,0.29753379060351),(0.473266211569727,1.51303534739415,0.407575068688694),(0.475770015814183,1.51602653199074,0.407951599882248),(0.582744544840426,1.66771534114486,0.272464836830892),(0.403652691126233,1.43316191574442,0.376228407607471),(0.417068523395214,1.44756631133661,0.388542278670536),(0.385501883399412,1.46499552048857,0.0339628545660364),(0.554101450290276,1.61948024554943,0.357083122298829),(0.455954759666057,1.49235411866247,0.404971709555535),(0.420517916260938,1.45148898936497,0.390318211390773),(0.387482354283135,1.41601915836248,0.359996152905359),(0.390236858857249,1.41875752015223,0.363914536544402),(0.360979534557736,1.3903805186287,0.317797641430557),(0.36705280553023,1.39570933705653,0.330934371582242),(0.468947523834195,1.56971847237571,0.014573315110304),(0.349012715564935,1.41202208373945,0.0879948989425667),(0.340709453841491,1.39872901508458,0.108149174967356),(0.435705423457252,1.52989691536103,0.0102637835292576),(0.46707842161632,1.56758641915066,0.013652206141813),(0.331716126071175,1.38018898869301,0.156258128446979),(0.559322854460901,1.66475062605518,0.110230595673472),(0.550569436354853,1.65722957960278,0.090285363876788),(0.569471925129008,1.6734103519458,0.133739638013322),(0.569241856235893,1.6732731565921,0.132831685578825),(0.582467181495733,1.6667298866081,0.276572991444729),(0.373257021287384,1.40187719298401,0.339760095723124),(0.342859817348824,1.37577047689057,0.27042867048196),(0.348766221729984,1.379664295566,0.291379753013763),(0.340433418285713,1.39817341722478,0.109540417838951),(0.358599172952523,1.42705352143084,0.0667305108888381),(0.356695724520101,1.42432216157858,0.0693461451948458),(0.378795212156979,1.45603389711011,0.0389780106955842),(0.51209795930217,1.61798801463456,0.0418744297802633),(0.497896845411606,1.60274047290714,0.0288397792349793),(0.549097466538478,1.65577436948713,0.0881398326684106),(0.576250589771769,1.67745262502624,0.160491212212226),(0.581929660070665,1.68003041839006,0.188034429901049),(0.581188404251753,1.68039715696586,0.179977986879972),(0.438331922673985,1.47174722444397,0.39948981871385),(0.446101297163764,1.48058262122003,0.403489910007968),(0.35030946418259,1.38101836964854,0.294717848703931),(0.33571191801832,1.38867009278455,0.133337184062476),(0.331802068832886,1.38080044050936,0.153043159232607),(0.48455369753137,1.58752017024084,0.0222641660540415),(0.536807172079632,1.64362401108862,0.0702255996262386),(0.526299073192732,1.63323555636198,0.0549090803255452),(0.584564815183702,1.67872666736575,0.216674983510505),(0.371405139822033,1.44542948748327,0.0491331199141536),(0.336293127192672,1.37148896351816,0.246833435441294),(0.584610582155886,1.67434525448229,0.244826109674698),(0.585687435694668,1.67817124744613,0.228876342272407),(0.33636294192249,1.3714873880205,0.247383080564322),(0.330511630132635,1.37161943362232,0.201316226233784),(0.379142492833806,1.84406984477801,0.573843839494972),(0.39676599492014,1.86835706733748,0.549147178280443),(0.357948828254179,1.81586473736396,0.595636322708341),(0.403189693673775,1.87720966658365,0.540145340218659),(0.414282158175162,1.89334428345442,0.518312087300198),(0.427335724579075,1.91260027490918,0.490702441019875),(0.429893879624979,1.91674402186581,0.482708690535387),(0.423382131471695,1.9065807091969,0.500400646744348),(0.441918941660512,1.93622244022549,0.445132646961932),(0.442499379750132,1.93733475624639,0.442156856297461),(0.451233326886542,1.95407195785196,0.397379646087975),(0.455125250562078,1.96574124040037,0.349465074432727),(0.451566937177104,1.95471126818938,0.395669292467193),(0.452920956613302,1.95786775828459,0.384982422444195),(0.456154309216433,1.96941691846303,0.332884057925682),(0.454824075480566,1.97285815385601,0.300140467292771),(0.452911117895203,1.97541081828586,0.2689075200086),(0.449949720339553,1.97481169300904,0.250661070297543),(0.453985908365485,1.97502644222809,0.279509054813814),(0.444373526289312,1.97368356389394,0.21630372974977),(0.440646035394345,1.9715535798181,0.202392634895864),(0.430666511115026,1.96585102321948,0.165148785679788),(0.427735227558066,1.96383782447392,0.156410306020647),(0.410758362329718,1.95080545109085,0.114567909753279),(0.427420674712524,1.96362179030945,0.155472589286983),(0.391340999480421,1.93419983389777,0.0772866026503212),(0.408176077331972,1.94881920574087,0.108228601146478),(0.379581304293751,1.92375533966152,0.0570692192901188),(0.37038655573725,1.91497778650691,0.0448445849111034),(0.384630212209369,1.92837226984724,0.0649525242765843),(0.351967492302499,1.89739445539533,0.0203560070331905),(0.326330172718231,1.87141348734654,-0.00539296516901722),(0.315150594796286,1.85988307096471,-0.015556464967329),(0.282464643574155,1.82470880260133,-0.0377287998414024),(0.321425693169242,1.86644326703784,-0.0103188041264852),(0.277192227014763,1.81877360744844,-0.0400170192433456),(0.249395010713059,1.78748209214434,-0.0520809616396019),(0.248542658763692,1.78652259376226,-0.0524508808684518),(0.241752597101158,1.7786789938693,-0.0544381919862138),(0.2200926630093,1.7530166993595,-0.0577501627858006),(0.190041699942693,1.7165088704473,-0.0581055256717344),(0.207821180605688,1.73847767102369,-0.0596265669898044),(0.174439095616526,1.69722987634106,-0.0567707169504084),(0.167813010886189,1.68882952352951,-0.0552028807386906),(0.13650223854762,1.64808520870333,-0.0428006809768666),(0.159996964072245,1.67865859996877,-0.0521069438871142),(0.130944935237426,1.64051502930331,-0.0389533843868788),(0.127393422087332,1.63567714477783,-0.0364946874849836),(0.107399265972284,1.60844103037224,-0.0226528213230208),(0.10156581253188,1.60025212939903,-0.0174031753724775),(0.079545445477303,1.56832971169173,0.00762503107912593),(0.10364991324554,1.60317775390889,-0.0192787009052973),(0.0763305610872442,1.56366916801751,0.0112790478370215),(0.0588635545622931,1.53674524290696,0.039692724457872),(0.054653717516743,1.53025613229833,0.0465408897841915),(0.0502972601112925,1.5232271325429,0.0553613466658165),(0.0421870104380595,1.50940566743018,0.0759751580167842),(0.0338350738414168,1.49517232012952,0.0972032647157275),(0.0293071925384276,1.48641801893701,0.11478558860173),(0.0218574308506998,1.47201449259373,0.143713935901984),(0.0199734100691127,1.46773061523334,0.154860590160307),(0.0174695160055296,1.46203727299602,0.169674673794085),(0.0151427611656096,1.45471803903054,0.195704476023572),(0.0129135999600982,1.44770580373615,0.220642481661943),(0.0133057499303599,1.43948725358467,0.273660547797652),(0.0172748223553167,1.43756250811511,0.316886376541815),(0.0235712266536252,1.43992079381141,0.352584362586863),(0.02653944294208,1.44103252388542,0.369412910854061),(0.0333535815520065,1.44584516517469,0.394216609390348),(0.0405342462552483,1.45091667390286,0.420354475492732),(0.043743342972224,1.45353659649894,0.429843503653516),(0.0464067511657178,1.45592048098198,0.436390384908747),(0.0628152799121207,1.47060694067066,0.476723928050269),(0.0633645582227991,1.47114950375663,0.477740751529419),(0.0843237263702252,1.49185243472683,0.516540343396453),(0.0858815782386726,1.49339124101282,0.519424237273345),(0.0903105032834608,1.49794462516572,0.526404258209645),(0.108844380748485,1.51760678552348,0.551258012907988),(0.117130996897836,1.52639786423107,0.562370286928572),(0.136005940325734,1.54726746537737,0.581275323222828),(0.152317691566056,1.56542353639707,0.596642799520236),(0.146794751904725,1.55919641209747,0.592081335715092),(0.165256447801267,1.58025785927051,0.605229401430713),(0.178146552993981,1.59503640357765,0.613783716842637),(0.184104951453059,1.60186772530161,0.617737914190669),(0.217284315094791,1.64085478475577,0.63123646600929),(0.223867698661834,1.64869337087463,0.632946373872198),(0.19573684879395,1.61553566294173,0.622470186053997),(0.226480756518099,1.65184355675645,0.633248126410471),(0.256682340224793,1.6882532376111,0.636735766196751),(0.257330537142688,1.68903467487415,0.636810619137648),(0.285387615249681,1.72355855021623,0.633223815795118),(0.311928906130539,1.75680185367449,0.624242224082837),(0.290549606518823,1.72991031437403,0.632563909319196),(0.296823796363702,1.73772819527105,0.630817695553315),(0.328364701581529,1.77755580732726,0.61708748600077),(-2.21953123771955,-4.40918587959296,-2.),(-1.81742975937677,-4.41255794857373,2.),(-1.80166493695343,-3.90087372981836,2.),(-2.19615005380765,-3.80345755121723,-2.),(-1.79520584349231,-3.83116901040497,2.),(-1.74710987392839,-3.31213083832296,2.),(-2.13611069186356,-3.20025877587421,-2.),(-1.90707379188607,-2.01029834458861,-2.),(-1.51842962416701,-2.10988969680352,2.),(-1.36811618517851,-1.581592757219,2.),(-1.73891785792943,-1.42790923975135,-2.),(-1.29841822582352,-0.299005433534336,-2.),(-0.934899463532079,-0.466907253384135,2.),(-0.677590046221341,0.0498397169214853,2.),(-1.0276931589351,0.243361071438302,-2.),(-0.384290704683022,0.55784907829235,2.),(-0.72460344962531,0.76832784721414,-2.),(-0.769095957113734,0.50119806163299,-1.00496280979001),(-0.793954270478981,0.458389711785292,-1.00496280979001),(-0.818598232258551,0.415457605991916,-1.00496280979001),(-0.675256825620421,0.053880973547547,2.),(-0.600823049350176,0.291172713077306,1.502481404895),(-0.576803231630028,0.333017501051042,1.502481404895),(-0.552574491088866,0.374741667377839,1.502481404895),(-0.381957484082105,0.561890334918405,2.),(-0.390262811601436,1.27396588506707,-2.),(-0.0630961891241619,1.04310031209529,2.),(0.787432539656523,2.65672352295917,-2.),(0.367146746958494,2.219901659937,-2.),(0.685641413603865,1.97561975030274,2.),(0.664387994231395,1.95081265348098,2.),(2.19581583466607,3.80365051272862,-2.),(1.7034500526594,3.45005551238651,-2.),(1.99483450968133,3.16910695318609,2.),(1.94756863588492,3.13107224604762,2.),(2.70870136287538,4.12676337615474,-2.),(2.47742327850134,3.51072446941854,2.),(2.42028676745624,3.47027837068909,2.),(-1.53578386159059,-0.856778723065904,-2.),(-1.37554921232791,-0.985462740431534,-0.0414289850037011),(-1.36147696386575,-0.951693793344366,-0.0317443662715651),(-1.37945099220699,-0.995172441864128,-0.0431957009384032),(-1.37745336296547,-0.990201278930979,-0.0422911795348402),(-1.39847292613053,-1.04427089553792,-0.047211459666437),(-1.39372109726559,-1.03200571522928,-0.0462082915177502),(-1.35579504970804,-0.938058995816332,-0.0278340336453204),(-1.40992892530922,-1.07575431990456,-0.044656433151018),(-1.41657371013064,-1.09401554505787,-0.043174449681642),(-1.43646512175086,-1.15289592575547,-0.0276702179613828),(-1.42559836826637,-1.12048452795737,-0.0367877958186891),(-1.42024080133943,-1.10450494094023,-0.0412829777193271),(-1.4509070884842,-1.19936860817679,-0.00636709437647554),(-1.44022076773455,-1.1649811871544,-0.0221303221834035),(-1.45393563462893,-1.20964491466763,-0.000427877347506378),(-1.45348290829895,-1.20810874704761,-0.00131570926418689),(-1.46563417490669,-1.2517622566531,0.0294313288667762),(-1.46452032700353,-1.24775215693611,0.0265883575693251),(-1.47495950866581,-1.28958800922205,0.065755492457416),(-1.47337156493285,-1.28314693501627,0.0595701129934234),(-1.4829387399946,-1.32905815586282,0.118595831535909),(-1.47983528905594,-1.31324170996395,0.0966045336963766),(-1.47688651102217,-1.29821353998133,0.075709260245949),(-1.48631803546268,-1.35371548843239,0.165984923692483),(-1.48417996259441,-1.33811484792352,0.136001948498765),(-1.4866092618323,-1.37079875159856,0.217866142709334),(-1.48698806162768,-1.36366829339163,0.191515992311917),(-1.48659644480853,-1.35785107904491,0.176593596136336),(-1.4828028382934,-1.38417556824137,0.296590488913588),(-1.4862462171844,-1.377632637785,0.243120330250399),(-1.35725931882296,-1.55078320771427,2.),(-1.47646588732869,-1.3828039283246,0.352300529718091),(-1.46787636828312,-1.37370312160176,0.404682915125377),(-1.47256029141612,-1.37866585338125,0.376118444231372),(-1.45694420796053,-1.35709338606777,0.455017185382572),(-1.46494936207291,-1.36925598602898,0.418159548954541),(-1.45468426962634,-1.35322725143111,0.463983471717397),(-1.45549139685213,-1.35460802473657,0.460781201237),(-1.44140045601879,-1.32847849495251,0.509722753315363),(-1.44369041028748,-1.33274485416358,0.501837904413071),(-1.42628150952673,-1.29727513597211,0.550874602744623),(-1.43007947092931,-1.30511358907468,0.54053703485528),(-1.40696284977026,-1.25424600037703,0.591194190930544),(-1.41477927194781,-1.27174190124755,0.575226392326468),(-1.42363151851157,-1.29155634126155,0.557142557150591),(-1.38913248899081,-1.21224793669943,0.618705644913045),(-1.39815993874746,-1.23351141052455,0.604776691279881),(-1.36748968176553,-1.15898571688542,0.641419579018523),(-1.38066063204176,-1.19150224650146,0.628095892039405),(-1.3859737139974,-1.20461921856039,0.622721197018417),(-1.34864652570176,-1.11087048364942,0.652382713477822),(-1.36275888023568,-1.14690580743546,0.644172006111758),(-1.17160638335963,-1.02393843330754,2.),(-1.34488600304774,-1.10108555577864,0.653606473126761),(-1.3449993221028,-1.10138041340408,0.653569596527469),(-1.32638222135466,-1.05205193413035,0.654851552139424),(-1.32794061747977,-1.05618156596692,0.65474669107151),(-1.1625115551389,-1.002451052499,2.),(-1.31204469399013,-1.01286049183789,0.649369440869809),(-1.30842496739954,-1.00296601685746,0.647985398598736),(-1.29061775903094,-0.95244226183689,0.631548302946059),(-1.29763881860912,-0.972442872892297,0.638438644661372),(-1.305080139779,-0.993640666302243,0.645741423551502),(-0.941139590545236,-0.479439117791092,2.),(-1.28852007698344,-0.946466679051589,0.629489675475889),(-1.25310775234742,-0.836385997690777,0.551650025886214),(-1.25432184298709,-0.840378485770939,0.555287133868242),(-1.26476449660133,-0.874718730821683,0.586570678582986),(-1.2734538674845,-0.901696701940877,0.605653094738132),(-1.24392961615422,-0.802982689628757,0.510819897074722),(-1.24647173969694,-0.812234604619117,0.522128863243822),(-1.23645339163464,-0.769665541950454,0.45337412998983),(-1.24018070882567,-0.786830976664474,0.48418934146778),(-1.24209217436915,-0.795633859626385,0.499992186231469),(-1.23385595527417,-0.750233441981389,0.403049945005705),(-1.23585415938819,-0.765182528970862,0.441764269252681),(-1.23370932803269,-0.746899360916282,0.39161710739599),(-1.23376102415703,-0.74807485237039,0.395647964068036),(-1.2349871867906,-0.736232108340975,0.338844364686279),(-1.23479851676128,-0.737807079630751,0.34663601994744),(-1.23945737519617,-0.732966786149953,0.285022118874863),(-1.23849756029022,-0.733667898637238,0.296578543149255),(-1.24073650618937,-0.733223512064852,0.27420239503349),(-1.24883851526523,-0.73896498558855,0.221460527923153),(-1.24492676824931,-0.736192933408282,0.246924933029478),(-1.25981990155336,-0.752119108539048,0.170408102760234),(-1.25366981048084,-0.744752183088829,0.198999853927794),(-1.2761120093947,-0.776878683157635,0.114076677066872),(-1.26431077359643,-0.758677745076211,0.153910101443994),(-1.26223214732305,-0.755471898778181,0.160926214322679),(-1.29216819701595,-0.804913656590698,0.0714024210755952),(-1.29013837524718,-0.801369477816535,0.0767972966102088),(-1.27659731355378,-0.777726050510813,0.112786832029762),(-1.31330580543068,-0.845669314392649,0.0279552176528575),(-1.30422403780624,-0.828026808800078,0.0461974493389268),(-1.29542905292378,-0.8109414156925,0.0638636304763303),(-1.33238784208692,-0.885538441749167,-0.00177087197115866),(-1.33207623460443,-0.884887383446091,-0.00128544831754818),(-1.35162227478064,-0.928639914381807,-0.0233461333182823),(-1.33615985067983,-0.893737041757613,-0.00671599644628018),(-0.0553633396975366,1.054770352815,2.),(0.286892299945138,1.50799006519274,2.),(0.300953503475755,1.52661010787921,2.),(-0.0258997911982197,1.75841720039259,-2.),(-2.03963376861664,-2.6018060285008,-2.),(-2.0091874727093,-3.01234824837026,-1.00496380984089),(-1.96915441728743,-2.76810145997063,-1.00496280979001),(-1.73780378821918,-3.25218003731395,2.),(-1.76126195064944,-3.04982893335555,1.50245985812343),(-1.65641473804327,-2.72786305766514,2.),(-1.72223973098503,-2.8117581042045,1.502481404895),(-1.69569847302793,-2.6680047623607,1.502481404895),(-1.64543259962053,-2.67771708078836,2.),(-1.5299235670139,-2.15028671566379,2.),(-1.67726217399752,-2.57474023001009,1.50245985812344),(-1.92300868894238,-2.52493544481752,-1.00496380984089),(-1.94119176801931,-2.62075161331076,-1.00496341578483),(1.23341323209289,3.06727767228902,-2.),(1.22515389365654,2.92784209873106,-1.0049638098409),(1.06800326453139,2.36994347678925,2.),(1.39115936033575,2.7399217664936,1.50245985812343),(1.49625471629996,2.76384497188063,2.),(1.46271066510828,2.80252033598102,1.50248140489501),(1.0972411376781,2.40009603271443,2.),(1.53419133696147,2.79842877118098,2.),(1.76059835815798,3.05021205865912,1.50245985812344),(1.57393408204535,2.89738241054216,1.50248140489501),(1.60417637177955,3.24618151651684,-1.0049638098409),(1.41266897594364,3.08938847933057,-1.00496280979001),(1.29904159012653,2.99149719137735,-1.00496341578483),(2.91267239944742,3.78021931550099,2.),(2.98012701892219,3.8219854476264,2.),(-2.21987298107781,-4.49185842870421,-2.),(-1.81987298107781,-4.49185842870421,2.),(2.78012701892219,4.16839560914018,-2.),(-1.41987298107781,-4.49185842870421,-2.),(-1.41987298107781,-4.49185842870421,1.988),(3.1801270189222,3.47557528611263,-2.),(3.18012701892219,3.47557528611263,1.988),(0.130606585738775,0.619387715076136,-2.),(-1.24309756078753,-2.69702746615583,-2.),(-1.34116570571687,-3.29101746027973,-2.),(-1.10639058293724,-2.11072321376102,-2.),(-0.931630172432782,-1.53461534791512,-2.),(-0.719564680181647,-0.97117085094538,-2.),(-0.471102203178541,-0.422802478689395,-2.),(-0.187306695894644,0.108141571295794,-2.),(0.481276288242828,1.10874671817602,-2.),(1.27474463200596,2.01352395821203,-2.),(1.71414552000156,2.42506780010239,-2.),(0.8632007901156,1.57412307021643,-2.),(2.66888087514186,3.15766200447921,-2.),(2.17952187204196,2.80699230197516,-2.),(-1.40017507487296,-3.89014963978689,-2.),(2.69836926768554,3.1772835153301,1.988),(2.66947170953326,3.15682735746032,1.988),(2.23588836423303,2.849900062274,1.988),(2.18071860267214,2.80550512031426,1.988),(1.79443865704316,2.4946668045191,1.988),(1.71593677683995,2.42310288495251,1.988),(1.37569471606327,2.11293126348866,1.988),(1.27709397673382,2.01124588124564,1.988),(0.981244980492127,1.70614149284412,1.988),(0.866048358699542,1.57168342281467,1.988),(0.612585733286021,1.27584058552157,1.988),(0.484540695227106,1.10628155245188,1.988),(0.271115425244949,0.823660820251702,1.988),(0.134187070986026,0.617015199507748,1.988),(-0.0418706297902625,0.351317469767466,1.988),(-0.325185168507031,-0.139397705812916,1.988),(-0.183527899148643,0.105959881977278,1.988),(-0.577753481817431,-0.646623255745803,1.988),(-0.467257301801818,-0.424717012087194,1.988),(-0.798617491597886,-1.1684350997824,1.988),(-0.715797580547865,-0.972765327459986,1.988),(-0.986939385007654,-1.70285382686421,1.988),(-0.928093591514613,-1.53586159094695,1.988),(-1.1420047925999,-2.24785220370714,1.988),(-1.10324303804864,-2.11161876749439,1.988),(-1.26322549816971,-2.80136286479177,1.988),(-1.24050026593226,-2.69759628250764,1.988),(-1.35014167005962,-3.36128615458885,1.988),(-1.3392794033034,-3.2913102685765,1.988),(-1.40242360545862,-3.92549809227194,1.988),(-1.3991568321557,-3.89024399386983,1.988),(1.75617141412125,3.02374690835538,1.48059058671039),(1.58545324561462,2.88366742057234,1.48059058671038),(1.60223801791411,3.21661310030288,-0.987052106322723),(1.42674795363942,3.0726257138119,-0.987052140366238),(1.25461269114113,2.92464402057831,-0.987052106322724),(1.41799138499672,2.73971089521069,1.48059058671039),(-0.707781522035765,0.408637852274791,-1.01491318169211),(-0.683173044088689,0.451015962072486,-1.01491318169211),(-0.466651578063821,0.324559567817334,1.4925310329929),(-0.490630483186813,0.283265641540542,1.4925310329929),(-0.732177802711391,0.366137230325318,-1.01491318169211),(-0.514402619803015,0.241852337410708,1.4925310329929),(-1.70460261947388,-2.81487649750093,1.48059058671039),(-1.6636635417791,-2.59787200935999,1.48059058671039),(-1.90550967327651,-2.54884847272775,-0.987052106322722),(-1.94759794766269,-2.77191282955516,-0.987052140366237),(-1.98454965005106,-2.99588537657429,-0.987052106322722),(-1.74055593018979,-3.03276251220673,1.48059058671039),(-1.03583773105453,-1.07373272150989,0.380690750221217),(-1.02635913130021,-1.0381810653086,0.353279873752486),(-1.02299094966742,-1.02220597590558,0.33465953427041),(-1.025682817654,-1.03564439630078,0.351324062737054),(-1.01974027302603,-1.00597785495256,0.314535592941839),(-1.0186465643335,-0.993969572728415,0.290365275404096),(-1.01955022700622,-1.00502910177395,0.313359076365646),(-1.01804795784007,-0.982815940423783,0.264963373107362),(-1.01781040516639,-0.983736189327184,0.269089108930608),(-1.01964615804192,-0.976624715713979,0.237206363584604),(-1.02233740634887,-0.97319403425333,0.209051925478875),(-1.02056844803515,-0.973051881353749,0.221188337748276),(-1.02648972629992,-0.973527713298479,0.180563822390424),(-1.03220116441151,-0.978494388471312,0.15335651985663),(-1.02765775292214,-0.973621575527932,0.172550262930635),(-1.03865008236942,-0.985410858830567,0.126112922247386),(-1.03843838999892,-0.985183818571201,0.127007221383506),(-1.04620993729455,-0.997255134013807,0.104104034797779),(-1.05288143231813,-1.00770758630627,0.0846814156405715),(-1.05388885289731,-1.00961543640537,0.0826240271106302),(-1.06949214202268,-1.03916489898273,0.0507584599986126),(-1.06230036747069,-1.02554513770795,0.0654457463008606),(-1.07848548242515,-1.0585237406944,0.0385758348591976),(-1.08747882282763,-1.07788258240607,0.0263932097197821),(-1.09539166491721,-1.09677664464888,0.020619368767441),(-1.10464654159225,-1.11887517940643,0.0138662723009348),(-1.11394077802192,-1.14305086351589,0.0123539835340871),(-1.10575496899125,-1.12152185123827,0.0130574752294681),(-1.12351686887547,-1.16832164411014,0.0117575845189428),(-1.1232165892903,-1.16744662622348,0.0115568166113333),(-1.13236419534095,-1.19410284699136,0.0176729357786818),(-1.13880889485519,-1.21288276952879,0.0219818828418359),(-1.14091469911809,-1.21983607454306,0.025560621349848),(-1.14840080678682,-1.24455498641313,0.0382829917340017),(-1.15466578631509,-1.26726462199278,0.0543050784000214),(-1.15159001488111,-1.25508565966907,0.0437029360365999),(-1.15999567015065,-1.28836906873613,0.0726771156004906),(-1.16321926106346,-1.30517317745957,0.0945231421328181),(-1.16078789139682,-1.29150598346347,0.0754078914775471),(-1.16586596174647,-1.32052439176209,0.116589734200625),(-1.16584691629677,-1.31994373017361,0.115181575570304),(-1.16619172809784,-1.33045642329879,0.140675839089684),(-1.16620395298964,-1.33920756337569,0.163842249456426),(-1.16646149347566,-1.3386810856337,0.160621414065316),(-1.16259449870581,-1.34658619875273,0.208982562265338),(-1.15512475070273,-1.34370180962006,0.25416156434424),(-1.14930228029477,-1.33693328671093,0.277366603214412),(-1.15503454942212,-1.34366697904835,0.254707125431757),(-1.1429316802419,-1.32894664870439,0.301212585336451),(-1.14409099067229,-1.33081158861558,0.29796666556251),(-1.13491613877074,-1.31605234291062,0.323655068279789),(-1.12612820745986,-1.30064462718335,0.344883213736348),(-1.13035379254114,-1.30871306488016,0.336429049651833),(-1.11643957681967,-1.28214491384565,0.364267339629185),(-1.10606749694092,-1.26027439271591,0.37952972088152),(-1.11456353093566,-1.27856274497665,0.368020760617854),(-1.09757146294617,-1.24198604045516,0.391038681145186),(-1.09551867888568,-1.23711110733493,0.392607360767453),(-1.08491730355914,-1.21193505657827,0.400708632480734),(-1.07476983364404,-1.18658289681147,0.405130899960511),(-1.08029363535621,-1.20095481092398,0.404241909180234),(-1.06506512043855,-1.16133302146413,0.406692759168074),(-1.06366150032336,-1.15768106058768,0.406918655282098),(-1.05647578324998,-1.1371172692449,0.403111917624006),(-1.04841976562353,-1.11401130269498,0.398707058626769),(-1.0485717005523,-1.11449768852786,0.398924615375579)),$);
#238=IFCTRIANGULATEDFACESET(#237,$,$,((1,2,3),(3,4,1),(2,5,6),(2,7,3),(8,9,10),(11,12,8),(2,13,5),(1,13,2),(14,15,16),(17,18,19),(8,20,11),(1,21,13),(14,22,15),(19,23,17),(17,24,25),(17,26,27),(28,29,30),(11,31,12),(20,28,32),(33,34,35),(33,36,37),(22,14,38),(16,2,14),(25,18,17),(27,39,17),(17,40,41),(30,42,28),(28,43,44),(28,20,45),(32,11,20),(33,46,47),(35,48,33),(33,49,36),(33,50,51),(6,14,2),(17,52,53),(39,24,17),(41,54,17),(28,55,56),(44,29,28),(10,20,8),(47,57,33),(33,58,59),(37,34,33),(33,60,50),(53,22,17),(54,26,17),(42,55,28),(45,61,28),(59,46,33),(51,49,33),(62,63,64),(23,52,17),(17,62,65),(61,43,28),(48,58,33),(62,17,63),(65,40,17),(60,33,66),(57,28,33),(38,17,22),(56,33,28),(66,62,60),(64,60,62),(4,67,68),(4,69,67),(70,71,21),(1,68,70),(71,13,21),(13,72,73),(13,71,74),(74,72,13),(75,6,5),(6,75,76),(76,14,6),(77,38,14),(77,17,38),(78,63,17),(17,77,79),(79,80,17),(63,81,82),(63,78,81),(82,60,64),(60,83,84),(60,82,85),(85,83,60),(50,86,87),(50,84,86),(87,49,51),(49,88,89),(49,87,88),(90,37,36),(36,89,91),(90,34,37),(92,35,34),(34,90,93),(92,48,35),(48,94,95),(48,96,94),(48,92,96),(97,98,59),(58,95,97),(98,46,59),(99,100,47),(46,101,99),(46,98,101),(47,100,102),(102,57,47),(103,28,57),(104,105,32),(28,103,104),(106,11,32),(32,105,106),(107,12,31),(31,106,108),(31,108,107),(31,11,106),(109,8,12),(12,107,109),(109,110,8),(111,10,9),(9,112,111),(111,113,10),(20,114,115),(10,113,114),(114,20,10),(116,117,61),(45,118,116),(61,45,116),(43,61,117),(117,119,43),(29,44,120),(120,121,29),(121,122,29),(122,123,29),(124,42,30),(30,123,124),(124,125,42),(55,42,125),(125,126,55),(33,56,127),(127,128,33),(128,129,33),(66,33,129),(129,130,66),(130,131,66),(56,55,127),(126,127,55),(30,29,123),(44,43,120),(119,120,43),(45,20,118),(115,118,20),(9,8,112),(110,112,8),(32,28,104),(57,102,103),(47,46,99),(59,58,97),(95,58,48),(34,93,92),(36,91,90),(89,36,49),(87,51,50),(84,50,60),(82,64,63),(17,80,78),(14,76,77),(5,73,75),(73,5,13),(21,1,70),(68,1,4),(62,66,131),(131,132,62),(40,65,133),(133,134,40),(134,135,40),(54,136,137),(54,41,135),(135,136,54),(137,138,54),(138,139,26),(26,54,138),(140,141,39),(39,27,140),(24,142,143),(24,39,141),(141,142,24),(18,25,144),(144,145,18),(145,146,18),(19,18,146),(147,23,19),(19,148,147),(147,149,23),(52,150,151),(52,23,149),(149,150,52),(22,152,153),(152,22,53),(53,154,152),(153,155,22),(155,156,15),(156,157,16),(158,2,16),(16,157,158),(159,3,7),(7,158,160),(160,161,7),(7,161,159),(7,2,158),(3,162,69),(3,159,162),(69,4,3),(16,15,156),(15,22,155),(53,52,154),(151,154,52),(146,148,19),(25,24,144),(143,144,24),(27,26,140),(139,140,26),(41,40,135),(65,62,133),(132,133,62),(163,164,165),(165,166,163),(166,167,168),(168,169,166),(170,171,172),(172,173,170),(174,175,176),(176,177,174),(178,179,180),(179,177,181),(177,182,181),(181,180,179),(183,184,182),(183,178,185),(178,186,185),(185,184,183),(182,177,183),(179,178,187),(187,188,179),(187,189,188),(190,191,192),(191,193,192),(194,195,196),(195,197,196),(198,194,199),(194,200,199),(201,202,203),(201,204,205),(201,206,207),(207,204,201),(205,202,201),(203,208,201),(201,173,209),(173,210,209),(173,211,212),(212,213,173),(213,210,173),(173,214,215),(173,216,217),(173,218,219),(219,216,173),(217,214,173),(173,220,221),(173,222,223),(223,224,173),(224,220,173),(173,225,226),(173,227,228),(228,229,173),(229,225,173),(173,230,231),(231,227,173),(226,222,173),(221,218,173),(215,211,173),(209,206,201),(232,233,230),(232,234,235),(232,236,237),(232,238,239),(232,240,241),(241,238,232),(239,236,232),(237,234,232),(232,242,243),(232,244,245),(245,246,232),(246,242,232),(243,240,232),(232,247,248),(232,249,250),(250,251,232),(251,247,232),(248,244,232),(235,233,232),(230,173,232),(232,252,253),(232,254,255),(255,256,232),(254,257,258),(258,255,254),(256,252,232),(253,249,232),(259,260,257),(259,261,260),(259,262,263),(263,264,259),(264,261,259),(257,254,259),(265,266,262),(262,259,265),(175,267,268),(268,269,175),(269,270,175),(175,271,272),(175,273,274),(274,275,175),(275,271,175),(175,276,277),(175,278,279),(175,280,281),(281,278,175),(279,276,175),(277,273,175),(175,282,283),(174,284,282),(174,285,286),(286,284,174),(282,175,174),(283,280,175),(174,287,288),(174,289,290),(290,291,174),(291,287,174),(288,285,174),(272,267,175),(174,292,293),(293,294,174),(294,289,174),(174,295,296),(296,297,174),(297,292,174),(174,298,299),(174,201,300),(300,301,174),(301,298,174),(299,295,174),(270,266,175),(188,115,114),(188,116,118),(188,119,117),(117,116,188),(118,115,188),(188,121,120),(188,124,123),(123,122,188),(122,121,188),(188,126,125),(188,128,127),(188,130,129),(129,128,188),(127,126,188),(189,132,131),(189,134,133),(133,132,189),(131,188,189),(189,136,135),(189,139,138),(138,137,189),(137,136,189),(135,134,189),(189,142,141),(141,140,189),(140,139,189),(189,145,144),(144,143,189),(143,142,189),(131,130,188),(125,124,188),(189,148,146),(302,303,150),(150,149,302),(147,189,302),(149,147,302),(147,148,189),(146,145,189),(120,119,188),(303,152,154),(156,303,304),(304,157,156),(156,155,303),(155,153,303),(153,152,303),(154,151,303),(304,193,160),(160,158,304),(193,162,159),(159,161,193),(161,160,193),(193,70,68),(68,67,193),(67,69,193),(193,74,71),(193,75,73),(73,72,193),(72,74,193),(193,79,77),(77,76,193),(76,75,193),(193,81,78),(78,80,193),(80,79,193),(193,85,82),(191,86,84),(84,83,191),(83,193,191),(83,85,193),(82,81,193),(71,70,193),(191,88,87),(191,91,89),(191,93,90),(90,91,191),(89,88,191),(87,86,191),(191,96,92),(191,97,95),(95,94,191),(94,96,191),(92,93,191),(191,101,98),(191,100,99),(99,101,191),(98,97,191),(191,104,103),(103,102,191),(191,305,108),(108,106,191),(106,105,191),(105,104,191),(102,100,191),(305,109,107),(305,111,112),(112,110,305),(110,109,305),(107,108,305),(305,114,113),(113,111,305),(69,162,193),(158,157,304),(306,169,307),(307,308,306),(309,310,307),(311,312,310),(311,313,312),(310,309,311),(311,314,313),(307,169,309),(314,315,316),(316,313,314),(171,170,317),(317,316,171),(306,318,317),(317,170,306),(319,190,320),(321,322,320),(323,324,322),(322,321,325),(322,325,323),(320,190,321),(326,197,327),(327,328,326),(324,323,326),(197,195,329),(329,327,197),(319,330,329),(319,331,330),(329,195,319),(198,332,333),(334,335,164),(164,163,334),(333,336,198),(328,324,326),(320,331,319),(315,171,316),(308,318,306),(151,150,303),(114,305,188),(265,175,266),(208,300,201),(199,332,198),(196,200,194),(192,321,190),(180,186,178),(176,183,177),(172,232,173),(168,309,169),(165,167,166),(337,338,335),(335,334,337),(339,336,333),(333,340,339),(179,188,341),(306,342,343),(170,344,342),(173,345,344),(201,346,345),(174,347,346),(177,348,347),(348,177,179),(188,305,349),(342,306,170),(345,173,201),(347,174,177),(349,341,188),(191,190,350),(190,319,351),(344,170,173),(341,348,179),(305,191,352),(351,350,190),(198,339,353),(346,201,174),(350,352,191),(194,353,354),(353,194,198),(166,169,343),(352,349,305),(319,195,354),(198,336,339),(163,166,355),(343,169,306),(354,195,194),(337,334,163),(354,351,319),(343,355,166),(355,337,163),(339,340,356),(356,353,339),(353,357,358),(358,354,353),(354,359,360),(360,351,354),(351,361,362),(362,350,351),(350,363,364),(364,352,350),(352,365,366),(366,349,352),(349,367,368),(368,341,349),(341,369,370),(370,348,341),(347,348,371),(348,372,371),(346,347,373),(347,374,373),(345,346,375),(346,376,375),(344,345,377),(345,378,377),(342,344,379),(344,380,379),(343,342,381),(342,382,381),(355,343,383),(343,384,383),(337,355,385),(355,386,385),(385,338,337),(383,386,355),(381,384,343),(379,382,342),(377,380,344),(375,378,345),(373,376,346),(371,374,347),(370,372,348),(368,369,341),(366,367,349),(364,365,352),(362,363,350),(360,361,351),(358,359,354),(356,357,353),(356,340,332),(340,333,332),(358,357,200),(199,200,357),(357,356,199),(326,360,359),(358,196,197),(197,359,358),(325,362,361),(361,323,325),(360,326,323),(192,364,363),(363,321,192),(362,325,321),(304,366,365),(365,193,304),(364,192,193),(302,368,367),(367,303,302),(366,304,303),(187,370,369),(369,189,187),(368,302,189),(183,371,372),(372,178,183),(370,187,178),(372,370,178),(176,175,374),(175,373,374),(374,371,176),(265,259,376),(259,375,376),(376,373,265),(254,232,378),(232,377,378),(378,375,254),(172,171,380),(171,379,380),(380,377,172),(315,314,382),(314,381,382),(382,379,315),(383,384,309),(311,309,384),(384,381,311),(165,385,386),(383,168,167),(167,386,383),(385,165,164),(164,338,385),(164,335,338),(386,167,165),(309,168,383),(314,311,381),(171,315,379),(232,172,377),(259,254,375),(175,265,373),(183,176,371),(369,368,189),(367,366,303),(365,364,193),(363,362,321),(361,360,323),(359,197,326),(200,196,358),(332,199,356),(328,327,387),(387,388,328),(327,329,389),(389,387,327),(330,390,389),(389,329,330),(390,388,387),(387,389,390),(390,391,392),(392,388,390),(388,392,324),(392,322,324),(324,328,388),(322,392,391),(391,320,322),(390,330,331),(331,391,390),(331,320,391),(180,181,393),(393,394,180),(186,395,396),(396,185,186),(394,395,186),(186,180,394),(181,182,397),(397,393,181),(182,184,398),(398,397,182),(185,396,398),(398,184,185),(393,396,395),(395,394,393),(397,398,396),(396,393,397),(399,312,313),(313,400,399),(313,316,400),(316,317,401),(401,400,316),(402,401,318),(401,317,318),(318,308,402),(402,399,400),(400,401,402),(402,403,404),(404,399,402),(312,399,404),(404,310,312),(310,404,403),(403,307,310),(308,307,403),(403,402,308),(405,269,268),(405,270,269),(406,267,272),(406,268,267),(272,407,408),(407,275,274),(407,272,271),(271,275,407),(409,273,277),(409,274,273),(277,410,411),(410,276,279),(410,277,276),(279,412,413),(281,414,412),(412,279,278),(414,280,283),(414,281,280),(283,415,416),(415,284,286),(415,283,282),(282,284,415),(417,285,288),(417,286,285),(288,418,419),(418,291,290),(418,287,291),(418,288,287),(289,420,421),(420,289,294),(294,422,420),(293,423,422),(293,424,423),(424,297,296),(424,292,297),(424,293,292),(295,299,425),(426,296,295),(299,427,425),(300,428,427),(427,298,301),(427,299,298),(427,301,300),(428,208,203),(203,429,428),(202,430,429),(429,203,202),(430,205,204),(207,431,432),(432,204,207),(209,433,434),(434,207,206),(434,206,209),(434,431,207),(210,435,433),(433,209,210),(210,213,435),(212,211,436),(211,215,437),(437,436,211),(215,214,438),(438,437,215),(439,440,217),(217,216,439),(216,219,439),(441,439,219),(219,218,441),(442,443,221),(221,220,442),(220,224,442),(224,223,442),(444,445,223),(223,222,444),(222,226,444),(446,444,226),(226,225,446),(447,448,229),(229,228,447),(228,227,447),(449,447,227),(227,231,449),(231,230,449),(448,446,229),(225,229,446),(445,442,223),(443,441,221),(218,221,441),(440,438,217),(214,217,438),(436,435,212),(213,212,435),(204,432,430),(202,205,430),(300,208,428),(425,426,295),(296,426,424),(422,294,293),(421,290,289),(290,421,418),(288,419,417),(286,417,415),(283,416,414),(412,278,281),(279,413,410),(277,411,409),(274,409,407),(272,408,406),(268,406,405),(450,449,230),(230,233,450),(451,452,235),(235,234,451),(234,237,451),(453,454,237),(237,236,453),(236,239,453),(455,453,239),(239,238,455),(456,457,241),(241,240,456),(240,243,456),(458,242,246),(458,456,243),(243,242,458),(459,460,245),(245,244,459),(244,248,459),(461,459,248),(462,461,247),(247,251,462),(251,250,462),(463,462,250),(250,249,463),(252,464,465),(465,253,252),(252,256,464),(255,258,466),(464,256,255),(258,257,467),(260,468,467),(467,257,260),(263,469,470),(470,260,261),(261,264,470),(470,264,263),(470,468,260),(469,266,270),(469,262,266),(469,263,262),(270,405,469),(467,466,258),(466,464,255),(465,463,253),(249,253,463),(248,247,461),(460,458,245),(246,245,458),(457,455,241),(238,241,455),(454,451,237),(452,450,235),(233,235,450),(459,462,463),(438,417,419),(438,414,416),(459,464,466),(463,464,459),(435,436,437),(431,433,435),(438,427,428),(438,426,425),(438,422,423),(438,415,417),(438,412,414),(466,468,459),(459,461,462),(469,455,457),(435,438,431),(425,427,438),(423,424,438),(438,421,420),(416,415,438),(438,410,413),(438,409,411),(438,406,408),(438,469,405),(459,468,470),(463,465,464),(457,456,469),(469,451,454),(469,450,452),(469,446,448),(469,442,445),(469,441,443),(469,438,440),(431,434,433),(438,430,432),(428,429,438),(420,422,438),(413,412,438),(438,407,409),(405,406,438),(466,467,468),(469,458,460),(469,453,455),(452,451,469),(469,447,449),(469,444,446),(443,442,469),(440,439,469),(432,431,438),(424,426,438),(419,418,438),(408,407,438),(460,459,469),(454,453,469),(448,447,469),(439,441,469),(429,430,438),(411,410,438),(456,458,469),(445,444,469),(418,421,438),(449,450,469),(470,469,459),(437,438,435)),$);
#239=IFCSTYLEDITEM(#238,(#51),$);
#240=IFCAXIS2PLACEMENT3D(#7,#9,#10);
#241=IFCSHAPEREPRESENTATION(#55,'Body','Tessellation',(#238));
#242=IFCREPRESENTATIONMAP(#240,#241);
#243=IFCCARTESIANTRANSFORMATIONOPERATOR3DNONUNIFORM($,$,#7,$,$,$,$);
#244=IFCMAPPEDITEM(#242,#243);
#245=IFCPRODUCTDEFINITIONSHAPE($,$,(#246));
#246=IFCSHAPEREPRESENTATION(#55,'Body','MappedRepresentation',(#244));
#247=IFCCARTESIANPOINT((-7.7801270189,-2.38357442375,-0.394));
#248=IFCAXIS2PLACEMENT3D(#247,#9,#10);
#249=IFCLOCALPLACEMENT(#29,#248);
#280=IFCFOOTING('2UMCiRu68rIRdjMH1YUUi$',#6,'Extended Element','[Generic].[PhysicalObject]','<null>',#302,#298,'96',.STRIP_FOOTING.);
#281=IFCPROPERTYSINGLEVALUE('In Spatial Index',$,IFCBOOLEAN(.T.),$);
#282=IFCPROPERTYSINGLEVALUE('Last Modified',$,IFCDATETIME('2026-06-02T16:12:31.124Z'),$);
#283=IFCPROPERTYSINGLEVALUE('Federation GUID',$,IFCTEXT('1bcb589e-62e0-4935-b9ed-59106279eb3f'),$);
#284=IFCPROPERTYSINGLEVALUE('User Label',$,IFCTEXT('Extended Element'),$);
#285=IFCPROPERTYSINGLEVALUE('Origin',$,IFCTEXT('1.6241039478693915,-15.871179543390589,0.69999999999999962'),$);
#286=IFCPROPERTYSINGLEVALUE('Yaw',$,IFCREAL(60.),$);
#287=IFCPROPERTYSINGLEVALUE('Pitch',$,IFCREAL(0.),$);
#288=IFCPROPERTYSINGLEVALUE('Roll',$,IFCREAL(0.),$);
#289=IFCPROPERTYSINGLEVALUE('Bounding Box Low',$,IFCTEXT('-0.25500000000000278,11.525763452493246,-0.69999999999999973'),$);
#290=IFCPROPERTYSINGLEVALUE('Bounding Box High',$,IFCTEXT('10.254999999999997,15.272105048936782,-0.19999999999999971'),$);
#291=IFCPROPERTYSET('142X8b7b1Dax3nDMJMbwx_',#6,'[Generic].[PhysicalObject]',$,(#281,#282,#283,#284,#285,#286,#287,#288,#289,#290));
#292=IFCRELDEFINESBYPROPERTIES('2xSgv0fe50lOO0C2V8Ql0O',#6,$,$,(#280),#291);
#293=IFCCARTESIANTRANSFORMATIONOPERATOR3DNONUNIFORM(#294,#295,#7,1.,#9,1.,1.);
#294=IFCDIRECTION((0.5,0.866025403784439,0.));
#295=IFCDIRECTION((-0.866025403784439,0.5,0.));
#296=IFCMAPPEDITEM(#83,#293);
#297=IFCSTYLEDITEM(#296,(#51),$);
#298=IFCPRODUCTDEFINITIONSHAPE($,$,(#299));
#299=IFCSHAPEREPRESENTATION(#55,'Body','MappedRepresentation',(#296));
#300=IFCCARTESIANPOINT((-7.4797134969,-2.55701825156,-2.644));
#301=IFCAXIS2PLACEMENT3D(#300,#9,#10);
#302=IFCLOCALPLACEMENT(#29,#301);
#332=IFCGEOGRAPHICELEMENT('2ynZfcWdX7JhScmqQiUYiK',#6,'Smart Surface','[Generic].[PhysicalObject]','<null>',#360,#356,'98',.TERRAIN.);
#333=IFCPROPERTYSINGLEVALUE('In Spatial Index',$,IFCBOOLEAN(.T.),$);
#334=IFCPROPERTYSINGLEVALUE('Last Modified',$,IFCDATETIME('2026-06-02T16:12:31.125Z'),$);
#335=IFCPROPERTYSINGLEVALUE('Federation GUID',$,IFCTEXT('663ac6bc-7882-4e47-b726-c346ac7a2b14'),$);
#336=IFCPROPERTYSINGLEVALUE('User Label',$,IFCTEXT('Smart Surface'),$);
#337=IFCPROPERTYSINGLEVALUE('Origin',$,IFCTEXT('4.3655745685100559e-15,-4.5600000000000058,4.7879999999999994'),$);
#338=IFCPROPERTYSINGLEVALUE('Yaw',$,IFCREAL(0.),$);
#339=IFCPROPERTYSINGLEVALUE('Pitch',$,IFCREAL(0.),$);
#340=IFCPROPERTYSINGLEVALUE('Roll',$,IFCREAL(0.),$);
#341=IFCPROPERTYSINGLEVALUE('Bounding Box Low',$,IFCTEXT('-9.2000000000000046,-4.600000000003349,-1.0000000000000022'),$);
#342=IFCPROPERTYSINGLEVALUE('Bounding Box High',$,IFCTEXT('9.2000000000000064,4.6000000000000085,0.99999999999999878'),$);
#343=IFCPROPERTYSET('3tlh$iEJP5LhcbelUubr2V',#6,'[Generic].[PhysicalObject]',$,(#333,#334,#335,#336,#337,#338,#339,#340,#341,#342));
#344=IFCRELDEFINESBYPROPERTIES('3WrOH2G6L0zP2EiHrT5a33',#6,$,$,(#332),#343);
#345=IFCCARTESIANPOINTLIST3D(((-4.34999999999992,2.93442101292467,-1.),(-2.84999999999709,0.336344801572988,0.999999999999999),(-2.51024666387729,0.517485875553837,0.999999999999999),(-3.83142911854955,3.21089949426638,-1.),(-2.15903964797902,0.675277035232815,0.999999999999999),(-3.29537630481008,3.45173863272376,-1.),(-1.79798142936466,0.808998315738312,0.999999999999999),(-2.74428744481975,3.65583953454794,-1.),(-1.42871943387339,0.918039577537715,0.999999999999999),(-2.18067703064885,3.82227093413651,-1.),(-1.05293851929664,1.00190329036315,0.999999999999999),(-1.6071166873475,3.95027344318585,-1.),(-0.672353287758469,1.06020680332799,0.999999999999999),(-1.02622343921029,4.03926301560587,-1.),(-0.288700262379302,1.09268409087508,0.999999999999999),(-0.440647768894724,4.08883361238827,-1.),(0.0962700360807696,1.09918696659033,0.999999999999999),(0.146938476123279,4.09875905426945,-1.),(0.480801076446713,1.07968575934336,0.999999999999999),(0.733854274576561,4.0689940537346,-1.),(0.863138331777434,1.03426944867004,0.999999999999999),(1.31742166429187,3.99967442165426,-1.),(1.24153728486978,0.963145258779271,0.999999999999999),(1.89497796111704,3.89111644761046,-1.),(1.61427138809044,0.866637713036476,0.999999999999999),(2.46388790813804,3.74381545673988,-1.),(1.97963994121675,0.745187153237896,0.999999999999999),(3.02155569975188,3.55844354967889,-1.),(2.33597585134179,0.599347730431972,0.999999999999999),(3.56543682573221,3.33584653592248,-1.),(2.68165323943691,0.429784876455218,0.999999999999999),(4.09304968124581,3.07704007458954,-1.),(3.01509485886484,0.23727226771937,0.999999999999999),(4.60198688984634,2.78320504020324,-1.),(3.33477929199436,0.0226882951033687,0.999999999999999),(5.08992628778086,2.45568213463145,-1.),(3.63924789207996,-0.212987943942747,0.999999999999999),(5.55464151949046,2.09596576977159,-1.),(3.92711143873241,-0.468681112794947,0.999999999999999),(5.99401219595998,1.70569724889192,-1.),(4.19705647661275,-0.743224542169579,0.999999999999999),(6.40603356956683,1.28665727774116,-1.),(4.44785130842778,-1.03536555336773,0.999999999999999),(6.78882568128451,0.840757839596622,-1.),(4.67835161488226,-1.3437711739608,0.999999999999999),(7.1406419385045,0.370033471322988,-1.),(4.88750567594542,-1.66703421983798,0.999999999999999),(7.45987708433774,-0.123368019752711,-1.),(5.07435916960823,-2.0036797158646,0.999999999999999),(7.74507452203361,-0.637195355793335,-1.),(5.23805952623586,-2.35217162585533,0.999999999999999),(7.99493296109683,-1.16910406051604,-1.),(5.37785981864735,-2.71091986115506,0.999999999999999),(8.20831235477753,-1.71666715649983,-1.),(5.49312217017304,-3.07828753584865,0.999999999999999),(8.38423910184305,-2.27738623892689,-1.),(5.5833206651395,-3.45259843549597,0.999999999999999),(8.52191048889713,-2.8487028752307,-1.),(5.64804374850215,-3.83214466531395,0.999999999999999),(8.62069835297696,-3.42801027863708,-1.),(5.6869961036765,-4.21519444290868,0.999999999999999),(8.68015194771676,-4.01266520233431,-1.),(5.70000000000001,-4.60000000000135,0.999999999999999),(8.70000000000001,-4.60000000000008,-1.),(4.6,3.36743371481684,-1.),(4.06905595001481,3.65122922210074,-1.),(3.52068757775882,3.89969169910384,-1.),(2.95724308078908,4.11175719135498,-1.),(2.38113521494319,4.28651760185944,-1.),(1.79483096254838,4.42322457970973,-1.),(0.601708788917314,4.58030209379516,-1.),(-1.38777878078145E-15,4.60000000000001,-1.),(-0.601708788917318,4.58030209379516,-1.),(6.06598149892063,2.3169262288066,-1.),(5.60060514688023,2.69885073067937,-1.),(5.11124614378034,3.04952043318342,-1.),(1.20084096842447,4.52129272463906,-1.),(-1.20084096842448,4.52129272463906,-1.),(-1.79483096254838,4.42322457970973,-1.),(7.96743371481683,1.04083408558608E-14,-1.),(7.64952043318341,0.511246143780351,-1.),(6.50538238691623,1.90538238691624,-1.),(-2.38113521494319,4.28651760185944,-1.),(8.71175719135497,-1.6427569192109,-1.),(8.49969169910383,-1.07931242224116,-1.),(8.25122922210073,-0.530944049985176,-1.),(-2.95724308078909,4.11175719135498,-1.),(-3.52068757775883,3.89969169910385,-1.),(7.29885073067936,1.00060514688024,-1.),(6.91692622880659,1.46598149892064,-1.),(-4.06905595001481,3.65122922210074,-1.),(9.18030209379515,-3.99829121108267,-1.),(9.12129272463905,-3.39915903157551,-1.),(9.02322457970972,-2.8051690374516,-1.),(8.88651760185942,-2.21886478505679,-1.),(-4.6,3.36743371481684,-1.),(9.20000000000001,-4.59999999999998,-1.),(-8.7,-4.59999999999992,-1.),(-5.7,-4.59999999999864,0.999999999999999),(-5.68779586245996,-4.22720216338683,0.999999999999999),(-8.68137263217572,-4.03099277569569,-1.),(-5.65123570983055,-3.85600070434436,0.999999999999999),(-8.62557029395188,-3.46442212768349,-1.),(-5.59047609829815,-3.48798516450673,0.999999999999999),(-8.5328319395077,-2.90271419845765,-1.),(-5.50577720984734,-3.12473144291432,0.999999999999999),(-8.40355468871436,-2.34827430760606,-1.),(-5.39750173812167,-2.76779504777069,0.999999999999999),(-8.23829212660676,-1.80347665186053,-1.),(-5.26611333531382,-2.41870443551773,0.999999999999999),(-8.0377519328474,-1.2706541384218,-1.),(-5.11217462673573,-2.07895446575047,0.999999999999999),(-7.80279285133347,-0.752088395092823,-1.),(-4.93634480157063,-1.74999999999882,0.999999999999999),(-7.53442101292358,-0.249999999998197,-1.),(-4.73937679012375,-1.43324967178713,0.999999999999999),(-7.23378562703099,0.233461027272273,-1.),(-4.52211403965922,-1.13005985464921,0.999999999999999),(-6.90217406053248,0.696224432377524,-1.),(-4.28548690262928,-0.841728853928576,0.999999999999999),(-6.54100632506573,1.13630859137217,-1.),(-4.03050865276236,-0.569491347235707,0.999999999999999),(-6.15182899632149,1.55182899632444,-1.),(-3.75827114606937,-0.314513097368922,0.999999999999999),(-5.73630859136904,1.94100632506848,-1.),(-3.46994014534863,-0.0778859603391205,0.999999999999999),(-5.29622443237422,2.30217406053502,-1.),(-3.1667503282106,0.139376790125275,0.999999999999999),(-4.83346102726881,2.63378562703331,-1.),(-6.91692622880659,1.46598149892064,-1.),(-7.29885073067937,1.00060514688023,-1.),(-7.64952043318342,0.511246143780342,-1.),(-8.25122922210074,-0.53094404998519,-1.),(-8.49969169910385,-1.07931242224118,-1.),(-8.71175719135498,-1.64275691921092,-1.),(-7.96743371481684,-6.93889390390723E-16,-1.),(-5.11124614378034,3.04952043318342,-1.),(-5.60060514688023,2.69885073067937,-1.),(-6.06598149892063,2.31692622880659,-1.),(-6.50538238691624,1.90538238691624,-1.),(-8.88651760185943,-2.21886478505682,-1.),(-9.02322457970973,-2.80516903745163,-1.),(-9.12129272463906,-3.39915903157553,-1.),(-9.18030209379516,-3.99829121108269,-1.),(-9.2,-4.60000000000001,-1.)),$);
#346=IFCTRIANGULATEDFACESET(#345,$,$,((1,2,3),(4,3,5),(6,5,7),(8,7,9),(10,9,11),(12,11,13),(14,13,15),(16,15,17),(18,17,19),(20,19,21),(22,21,23),(24,23,25),(26,25,27),(28,27,29),(30,29,31),(32,31,33),(34,33,35),(36,35,37),(38,37,39),(40,39,41),(42,41,43),(44,43,45),(46,45,47),(48,47,49),(50,49,51),(52,51,53),(54,53,55),(56,55,57),(58,57,59),(60,59,61),(62,61,63),(63,64,62),(61,62,60),(59,60,58),(57,58,56),(55,56,54),(53,54,52),(51,52,50),(49,50,48),(47,48,46),(45,46,44),(43,44,42),(41,42,40),(39,40,38),(37,38,36),(35,36,34),(33,34,32),(31,32,30),(29,30,28),(27,28,26),(25,26,24),(23,24,22),(21,22,20),(19,20,18),(17,18,16),(15,16,14),(13,14,12),(11,12,10),(9,10,8),(7,8,6),(5,6,4),(3,4,1),(65,32,34),(66,67,30),(67,68,28),(68,69,26),(69,70,24),(71,72,18),(72,73,16),(74,38,40),(75,36,38),(76,34,36),(34,76,65),(28,30,67),(24,26,69),(77,71,20),(16,18,72),(73,78,14),(78,79,12),(80,48,50),(81,46,48),(82,40,42),(38,74,75),(65,66,32),(26,28,68),(70,77,22),(18,20,71),(12,14,78),(79,83,10),(84,54,56),(85,52,54),(86,50,52),(48,80,81),(40,82,74),(30,32,66),(20,22,77),(10,12,79),(83,87,8),(87,88,6),(54,84,85),(50,86,80),(89,44,46),(90,42,44),(36,75,76),(14,16,73),(6,8,87),(88,91,4),(92,62,64),(93,60,62),(94,58,60),(95,56,58),(52,85,86),(44,89,90),(22,24,70),(4,6,88),(62,92,93),(58,94,95),(46,81,89),(8,10,83),(60,93,94),(42,90,82),(56,95,84),(91,96,1),(1,4,91),(64,97,92),(98,99,100),(101,100,102),(103,102,104),(105,104,106),(107,106,108),(109,108,110),(111,110,112),(113,112,114),(115,114,116),(117,116,118),(119,118,120),(121,120,122),(123,122,124),(125,124,126),(127,126,128),(129,128,2),(2,1,129),(128,129,127),(126,127,125),(124,125,123),(122,123,121),(120,121,119),(118,119,117),(116,117,115),(114,115,113),(112,113,111),(110,111,109),(108,109,107),(106,107,105),(104,105,103),(102,103,101),(100,101,98),(130,131,119),(131,132,117),(133,134,111),(134,135,109),(117,119,131),(132,136,115),(136,133,113),(109,111,134),(96,137,129),(137,138,127),(139,140,123),(140,130,121),(115,117,132),(111,113,133),(127,129,137),(138,139,125),(121,123,140),(113,115,136),(135,141,107),(141,142,105),(142,143,103),(143,144,101),(125,127,138),(119,121,130),(105,107,141),(101,103,143),(123,125,139),(103,105,142),(107,109,135),(144,145,98),(98,101,144),(129,1,96)),$);
#347=IFCCOLOURRGB($,1.,0.,0.);
#348=IFCSURFACESTYLERENDERING(#347,$,$,$,$,$,$,$,.NOTDEFINED.);
#349=IFCSURFACESTYLE($,.BOTH.,(#348));
#350=IFCSTYLEDITEM(#346,(#349),$);
#351=IFCAXIS2PLACEMENT3D(#7,#9,#10);
#352=IFCSHAPEREPRESENTATION(#55,'Body','Tessellation',(#346));
#353=IFCREPRESENTATIONMAP(#351,#352);
#354=IFCCARTESIANTRANSFORMATIONOPERATOR3DNONUNIFORM($,$,#7,$,$,$,$);
#355=IFCMAPPEDITEM(#353,#354);
#356=IFCPRODUCTDEFINITIONSHAPE($,$,(#357));
#357=IFCSHAPEREPRESENTATION(#55,'Body','MappedRepresentation',(#355));
#358=IFCCARTESIANPOINT((0.,-2.27543285245,1.894));
#359=IFCAXIS2PLACEMENT3D(#358,#9,#10);
#360=IFCLOCALPLACEMENT(#29,#359);
#361=IFCPAVEMENT('2j__NSXkbrGQnWhbU2yUyJ',#6,'Smart Surface','[Generic].[PhysicalObject]','<null>',#389,#385,'99',$);
#362=IFCPROPERTYSINGLEVALUE('In Spatial Index',$,IFCBOOLEAN(.T.),$);
#363=IFCPROPERTYSINGLEVALUE('Last Modified',$,IFCDATETIME('2026-06-02T16:12:31.125Z'),$);
#364=IFCPROPERTYSINGLEVALUE('Federation GUID',$,IFCTEXT('dce5fbad-e986-4175-ac60-ae5782f1ef13'),$);
#365=IFCPROPERTYSINGLEVALUE('User Label',$,IFCTEXT('Smart Surface'),$);
#366=IFCPROPERTYSINGLEVALUE('Origin',$,IFCTEXT('4.3655745685100559e-15,-1.700000000000006,1.3249499999999996'),$);
#367=IFCPROPERTYSINGLEVALUE('Yaw',$,IFCREAL(0.),$);
#368=IFCPROPERTYSINGLEVALUE('Pitch',$,IFCREAL(0.),$);
#369=IFCPROPERTYSINGLEVALUE('Roll',$,IFCREAL(0.),$);
#370=IFCPROPERTYSINGLEVALUE('Bounding Box Low',$,IFCTEXT('-14.920000000000005,-7.4600000000000017,-0.024950000000000146'),$);
#371=IFCPROPERTYSINGLEVALUE('Bounding Box High',$,IFCTEXT('14.92,7.4600000000000026,0.025049999999998684'),$);
#372=IFCPROPERTYSET('0$F4sID7L8VvNFlLyAS$cc',#6,'[Generic].[PhysicalObject]',$,(#362,#363,#364,#365,#366,#367,#368,#369,#370,#371));
#373=IFCRELDEFINESBYPROPERTIES('3Jbag26sb2GhfW2rfeXGvI',#6,$,$,(#361),#372);
#374=IFCCARTESIANPOINTLIST3D(((14.92,-7.46,0.0249999999999995),(14.9005377117713,-6.69817593889337,0.0249999999999995),(9.90705992632518,-6.95347890843312,-0.0249999999999988),(14.8422016219731,-5.93833938977828,0.0249999999999995),(9.8682734644754,-6.44827927256035,-0.0249999999999988),(14.7451439228028,-5.18247267945438,0.0249999999999995),(9.80374180390107,-5.94571910054876,-0.0249999999999988),(14.6096178267158,-4.43254777786523,0.0249999999999995),(9.71363330033651,-5.44710951450557,-0.0249999999999988),(14.4359769058225,-3.6905211534538,0.0249999999999995),(9.59818303657906,-4.9537513299103,-0.0249999999999988),(14.2246741694596,-2.95832866895972,0.0249999999999995),(9.45769220918493,-4.46693166193568,-0.0249999999999988),(13.9762608823399,-2.23788053097442,0.0249999999999995),(9.29252734268176,-3.98792056751114,-0.0249999999999988),(13.6913851263661,-1.53105630643025,0.0249999999999995),(9.103119333348,-3.51796773188928,-0.0249999999999988),(13.370790109859,-0.839700019024948,0.0249999999999995),(8.88996232505368,-3.05829920835975,-0.0249999999999988),(13.0153122286114,-0.165615338374351,0.0249999999999995),(8.65361242009551,-2.61011421961619,-0.0249999999999988),(12.6258788838277,0.489439125555671,0.0249999999999995),(8.39468622838944,-2.17458202912116,-0.0249999999999988),(12.2035060626394,1.12375441046183,0.0249999999999995),(8.11385925880585,-1.75283889063127,-0.0249999999999988),(11.7492956875113,1.73567566019096,0.0249999999999995),(7.81186415684399,-1.34598508384086,-0.0249999999999988),(11.264432741451,2.32360644207073,0.0249999999999995),(7.48948879324354,-0.955082043877899,-0.0249999999999988),(10.7501821765237,2.88601291182026,0.0249999999999995),(7.14757420851982,-0.581149592140948,-0.0249999999999988),(10.2078856137372,3.42142781517467,0.0249999999999995),(6.78701241878508,-0.225163275701556,-0.0249999999999988),(9.63895784290512,3.92845431578396,0.0249999999999995),(6.40874408858036,0.111948177786656,-0.0249999999999988),(9.04488313162224,4.40576963939954,0.0249999999999995),(6.01375607678906,0.429305283032405,-0.0249999999999988),(8.42721135297979,4.85212852484123,0.0249999999999995),(5.60307886203482,0.726080091583448,-0.0249999999999988),(7.78755394212342,5.26636647274148,0.0249999999999995),(5.17778385428045,1.00149835184957,-0.0249999999999988),(7.12757969220296,5.64740278359128,0.0249999999999995),(4.73898059964165,1.25484152903656,-0.0249999999999988),(6.44901040068162,5.99424337716174,0.0249999999999995),(4.28781388570789,1.48544867972149,-0.0249999999999988),(5.75361637736298,6.30598338594599,0.0249999999999995),(3.82546075492231,1.69271817617857,-0.0249999999999988),(5.04321182585485,6.58180951585507,0.0249999999999995),(3.35312743381235,1.87610927595727,-0.0249999999999988),(4.31965011051923,6.82100216800949,0.0249999999999995),(2.8720461860825,2.03514353261757,-0.0249999999999988),(3.58481892125626,7.02293731609039,0.0249999999999995),(2.38347209777897,2.16940604394214,-0.0249999999999988),(2.84063534873684,7.18708813435309,0.0249999999999995),(1.8886798029135,2.27854653436882,-0.0249999999999988),(2.08904088293193,7.31302637205523,0.0249999999999995),(1.38896015808879,2.36228026881957,-0.0249999999999988),(1.33199634798692,7.40042347071408,0.0249999999999995),(0.885616874800957,2.42038879554181,-0.0249999999999988),(0.571476786655306,7.4490514212781,0.0249999999999995),(0.379963118205139,2.45272051602405,-0.0249999999999988),(-0.190533692362353,7.45878335897653,0.0249999999999995),(-0.126681918782474,2.45919108049915,-0.0249999999999988),(-0.952047090731482,7.42959389429511,0.0249999999999995),(-0.632996457108329,2.43978360800318,-0.0249999999999988),(-1.71107670694416,7.36155917921436,0.0249999999999995),(-1.13765957995215,2.39454873041599,-0.0249999999999988),(-2.46564231939653,7.25485670853784,0.0249999999999995),(-1.63935467884809,2.32360446036833,-0.0249999999999988),(-3.21377535256083,7.10976485682843,0.0249999999999995),(-2.13677288856591,2.22713588336046,-0.0249999999999988),(-3.95352401277423,6.92666215216086,0.0249999999999995),(-2.6286165017909,2.10539467489517,-0.0249999999999988),(-4.68295838024557,6.70602628858524,0.0249999999999995),(-3.11360235469411,1.9586984438851,-0.0249999999999988),(-5.40017544399584,6.44843287987776,0.0249999999999995),(-3.59046517456023,1.78742990404741,-0.0249999999999988),(-6.10330406659643,6.15455395783012,0.0249999999999995),(-4.05796088073972,1.59203587544738,-0.0249999999999988),(-6.79050986575313,5.82515621899531,0.0249999999999995),(-4.51486983031307,1.37302611879581,-0.0249999999999988),(-7.46000000000003,5.46109902446382,0.0249999999999995),(-4.96000000000002,1.13097200554163,-0.0249999999999994),(9.92000000000002,-7.46,-0.0249999999999988),(-8.09479025687715,5.07318677340951,0.0249999999999994),(-5.38205893754835,0.873057157655654,-0.0249999999999989),(-8.70945558974308,4.65411504528057,0.0249999999999994),(-5.79073722856913,0.594425016701298,-0.0249999999999989),(-9.30246784373232,4.204925718423,0.0249999999999994),(-6.18501883443865,0.295768306082858,-0.0249999999999989),(-9.87235269694515,3.72673554827859,0.0249999999999994),(-6.56392350896085,-0.0221704665600735,-0.0249999999999989),(-10.4176933258442,3.220733390955,0.0249999999999994),(-6.92650923541385,-0.35860085534359,-0.0249999999999989),(-10.937133927701,2.68817724754212,0.0249999999999994),(-7.27187456855188,-0.712686441312474,-0.0249999999999989),(-11.4293830913352,2.13039113652317,0.0249999999999994),(-7.59916087574027,-1.08354691190952,-0.0249999999999989),(-11.893217007766,1.54876180205613,0.0249999999999994),(-7.90755447165139,-1.47026024957126,-0.0249999999999989),(-12.3274825127946,0.944735266309249,0.0249999999999994),(-8.19628864121467,-1.87186502400886,-0.0249999999999989),(-12.7310999539518,0.319813234422122,0.0249999999999994),(-8.46464554579098,-2.28736278247537,-0.0249999999999989),(-13.1030658746838,-0.324450638969917,0.0249999999999994),(-8.71195800783267,-2.71572053207651,-0.0249999999999989),(-13.4424555091041,-0.986454612366014,0.0249999999999994),(-8.937611169592,-3.15587330795381,-0.0249999999999989),(-13.7484250811065,-1.66455283958153,0.0249999999999994),(-9.14104402175444,-3.60672682095501,-0.0249999999999989),(-14.0202139021257,-2.357059461581,0.0249999999999994),(-9.32175079819621,-4.06716017820935,-0.0249999999999989),(-14.2571462623292,-3.06225279778928,0.0249999999999994),(-9.47928223339851,-4.53602866984381,-0.0249999999999989),(-14.4586331105378,-3.77837962646079,0.0249999999999994),(-9.61324667939245,-5.01216661491226,-0.0249999999999989),(-14.6241735187003,-4.50365954346495,0.0249999999999994),(-9.72331107945755,-5.49439025946195,-0.0249999999999989),(-14.7533559272789,-5.23628938865144,0.0249999999999994),(-9.80920179615328,-5.98150071953232,-0.0249999999999989),(-14.8458591684518,-5.97444772879037,0.0249999999999994),(-9.87070529162478,-6.47228696176947,-0.0249999999999989),(-14.9014532645863,-6.71629938594235,0.0249999999999994),(-9.90766865849171,-6.96552881424585,-0.0249999999999989),(-14.92,-7.45999999999999,0.0249999999999994),(-9.92,-7.46,-0.0249999999999989)),$);
#375=IFCTRIANGULATEDFACESET(#374,$,$,((1,2,3),(2,4,5),(4,6,7),(6,8,9),(8,10,11),(10,12,13),(12,14,15),(14,16,17),(16,18,19),(18,20,21),(20,22,23),(22,24,25),(24,26,27),(26,28,29),(28,30,31),(30,32,33),(32,34,35),(34,36,37),(36,38,39),(38,40,41),(40,42,43),(42,44,45),(44,46,47),(46,48,49),(48,50,51),(50,52,53),(52,54,55),(54,56,57),(56,58,59),(58,60,61),(60,62,63),(62,64,65),(64,66,67),(66,68,69),(68,70,71),(70,72,73),(72,74,75),(74,76,77),(76,78,79),(78,80,81),(80,82,83),(83,81,80),(81,79,78),(79,77,76),(77,75,74),(75,73,72),(73,71,70),(71,69,68),(69,67,66),(67,65,64),(65,63,62),(63,61,60),(61,59,58),(59,57,56),(57,55,54),(55,53,52),(53,51,50),(51,49,48),(49,47,46),(47,45,44),(45,43,42),(43,41,40),(41,39,38),(39,37,36),(37,35,34),(35,33,32),(33,31,30),(31,29,28),(29,27,26),(27,25,24),(25,23,22),(23,21,20),(21,19,18),(19,17,16),(17,15,14),(15,13,12),(13,11,10),(11,9,8),(9,7,6),(7,5,4),(5,3,2),(3,84,1),(82,85,86),(85,87,88),(87,89,90),(89,91,92),(91,93,94),(93,95,96),(95,97,98),(97,99,100),(99,101,102),(101,103,104),(103,105,106),(105,107,108),(107,109,110),(109,111,112),(111,113,114),(113,115,116),(115,117,118),(117,119,120),(119,121,122),(121,123,124),(123,125,126),(126,124,123),(124,122,121),(122,120,119),(120,118,117),(118,116,115),(116,114,113),(114,112,111),(112,110,109),(110,108,107),(108,106,105),(106,104,103),(104,102,101),(102,100,99),(100,98,97),(98,96,95),(96,94,93),(94,92,91),(92,90,89),(90,88,87),(88,86,85),(86,83,82)),$);
#376=IFCCOLOURRGB($,0.92156862745098,0.588235294117647,0.470588235294118);
#377=IFCSURFACESTYLERENDERING(#376,$,$,$,$,$,$,$,.NOTDEFINED.);
#378=IFCSURFACESTYLE($,.BOTH.,(#377));
#379=IFCSTYLEDITEM(#375,(#378),$);
#380=IFCAXIS2PLACEMENT3D(#7,#9,#10);
#381=IFCSHAPEREPRESENTATION(#55,'Body','Tessellation',(#375));
#382=IFCREPRESENTATIONMAP(#380,#381);
#383=IFCCARTESIANTRANSFORMATIONOPERATOR3DNONUNIFORM($,$,#7,$,$,$,$);
#384=IFCMAPPEDITEM(#382,#383);
#385=IFCPRODUCTDEFINITIONSHAPE($,$,(#386));
#386=IFCSHAPEREPRESENTATION(#55,'Body','MappedRepresentation',(#384));
#387=IFCCARTESIANPOINT((0.,0.58456714755,-1.569));
#388=IFCAXIS2PLACEMENT3D(#387,#9,#10);
#389=IFCLOCALPLACEMENT(#29,#388);
#390=IFCPRESENTATIONLAYERASSIGNMENT('HBH5211-E2N',$,(#85,#133,#159,#217,#238,#296),'36');
#391=IFCPRESENTATIONLAYERASSIGNMENT('SBT10---E-N',$,(#346),'38');
#392=IFCPRESENTATIONLAYERASSIGNMENT('HBN5----E--',$,(#375),'42');
#393=IFCOWNERHISTORY(#3,#5,.READWRITE.,.ADDED.,1780417254,#3,#5,1780417254);
#394=IFCPROPERTYSET('0n7uiHz9r7UeWmy3jLmSEw',#393,'Pset_FootingCommon',$,(#397));
#395=IFCOWNERHISTORY(#3,#5,.READWRITE.,.ADDED.,1780417254,#3,#5,1780417254);
#396=IFCRELDEFINESBYPROPERTIES('0fVOPovz59HO0NvTZgmMlE',#395,$,$,(#65),#394);
#397=IFCPROPERTYSINGLEVALUE('LoadBearing',$,IFCBOOLEAN(.T.),$);
#398=IFCOWNERHISTORY(#3,#5,.READWRITE.,.ADDED.,1780417254,#3,#5,1780417254);
#399=IFCPROPERTYSET('3NMhVXjxvA4R502lOKq9kr',#398,'Pset_WallCommon',$,(#402,#403));
#400=IFCOWNERHISTORY(#3,#5,.READWRITE.,.ADDED.,1780417254,#3,#5,1780417254);
#401=IFCRELDEFINESBYPROPERTIES('1ZtqXy25XDdwXmhVcxjA4h',#400,$,$,(#119),#399);
#402=IFCPROPERTYSINGLEVALUE('IsExternal',$,IFCBOOLEAN(.T.),$);
#403=IFCPROPERTYSINGLEVALUE('LoadBearing',$,IFCBOOLEAN(.T.),$);
#404=IFCOWNERHISTORY(#3,#5,.READWRITE.,.ADDED.,1780417254,#3,#5,1780417254);
#405=IFCPROPERTYSET('05NOEoo3HC$BUJ2DpVRSCX',#404,'Pset_WallCommon',$,(#408,#409));
#406=IFCOWNERHISTORY(#3,#5,.READWRITE.,.ADDED.,1780417254,#3,#5,1780417254);
#407=IFCRELDEFINESBYPROPERTIES('1YjTAr$a59bQEm$lPfGw0Y',#406,$,$,(#145),#405);
#408=IFCPROPERTYSINGLEVALUE('IsExternal',$,IFCBOOLEAN(.T.),$);
#409=IFCPROPERTYSINGLEVALUE('LoadBearing',$,IFCBOOLEAN(.T.),$);
#410=IFCOWNERHISTORY(#3,#5,.READWRITE.,.ADDED.,1780417254,#3,#5,1780417254);
#411=IFCPROPERTYSET('0Qv2IV7q17zufk5HMg_1aG',#410,'Pset_FootingCommon',$,(#414));
#412=IFCOWNERHISTORY(#3,#5,.READWRITE.,.ADDED.,1780417254,#3,#5,1780417254);
#413=IFCRELDEFINESBYPROPERTIES('2X$JWqLW5En8G$XHd_g7db',#412,$,$,(#201),#411);
#414=IFCPROPERTYSINGLEVALUE('LoadBearing',$,IFCBOOLEAN(.T.),$);
#415=IFCOWNERHISTORY(#3,#5,.READWRITE.,.ADDED.,1780417254,#3,#5,1780417254);
#416=IFCPROPERTYSET('3A5ISKEdH5299TtoXz62DE',#415,'Pset_WallCommon',$,(#419,#420));
#417=IFCOWNERHISTORY(#3,#5,.READWRITE.,.ADDED.,1780417254,#3,#5,1780417254);
#418=IFCRELDEFINESBYPROPERTIES('3fe7Oj7NP77uWC40LpNIyP',#417,$,$,(#224),#416);
#419=IFCPROPERTYSINGLEVALUE('IsExternal',$,IFCBOOLEAN(.T.),$);
#420=IFCPROPERTYSINGLEVALUE('LoadBearing',$,IFCBOOLEAN(.T.),$);
#421=IFCOWNERHISTORY(#3,#5,.READWRITE.,.ADDED.,1780417254,#3,#5,1780417254);
#422=IFCPROPERTYSET('02rfiQuL52YQgGXhRYYZFE',#421,'Pset_FootingCommon',$,(#425));
#423=IFCOWNERHISTORY(#3,#5,.READWRITE.,.ADDED.,1780417254,#3,#5,1780417254);
#424=IFCRELDEFINESBYPROPERTIES('1Y_NBMSfrBseQCjx36qElk',#423,$,$,(#280),#422);
#425=IFCPROPERTYSINGLEVALUE('LoadBearing',$,IFCBOOLEAN(.T.),$);
#426=IFCOWNERHISTORY(#3,#5,.READWRITE.,.ADDED.,1780417254,#3,#5,1780417254);
#427=IFCPROPERTYSET('1OggUU4wX3ruo9nZXFuwNC',#426,'Pset_PavementCommon',$,(#430));
#428=IFCOWNERHISTORY(#3,#5,.READWRITE.,.ADDED.,1780417254,#3,#5,1780417254);
#429=IFCRELDEFINESBYPROPERTIES('3rpkqSXpn838KkAsQhEIeb',#428,$,$,(#361),#427);
#430=IFCPROPERTYSINGLEVALUE('SurfaceType',$,IFCLABEL('FLEXIBLE'),$);
#431=IFCMATERIAL('Beton C30/37',$,'concrete');
#432=IFCOWNERHISTORY(#3,#5,.READWRITE.,.MODIFIED.,1780417254,#3,#5,1780417254);
#433=IFCRELASSOCIATESMATERIAL('1cGgcM62n0ogYob2nhDe3Q',#432,$,$,(#280,#145,#201,#224,#119,#65),#431);
#434=IFCMATERIAL('Asphaltbelag',$,'asphalt');
#435=IFCOWNERHISTORY(#3,#5,.READWRITE.,.ADDED.,1780417254,#3,#5,1780417254);
#436=IFCRELASSOCIATESMATERIAL('16atEdgPr0Yw1pHcNX2nKO',#435,$,$,(#361),#434);
ENDSEC;
END-ISO-10303-21;
